year,region,sector,0
2005,AUT,Buildings,0.6524142415867339
2005,AUT,Electricity infrastructure,0.0
2005,AUT,Other civil engineering,0.3475857584132661
2005,AUT,Railways,0.0
2005,AUT,Roads,0.0
2005,BEL,Buildings,0.6940894568690096
2005,BEL,Electricity infrastructure,0.0
2005,BEL,Other civil engineering,0.3059105431309904
2005,BEL,Railways,0.0
2005,BEL,Roads,0.0
2005,BGR,Buildings,0.707680550248376
2005,BGR,Electricity infrastructure,0.0
2005,BGR,Other civil engineering,0.292319449751624
2005,BGR,Railways,0.0
2005,BGR,Roads,0.0
2005,CYP,Buildings,0.8893766461808604
2005,CYP,Electricity infrastructure,0.0
2005,CYP,Other civil engineering,0.11062335381913956
2005,CYP,Railways,0.0
2005,CYP,Roads,0.0
2005,CZE,Buildings,0.6192072496868785
2005,CZE,Electricity infrastructure,0.0
2005,CZE,Other civil engineering,0.38079275031312154
2005,CZE,Railways,0.0
2005,CZE,Roads,0.0
2005,DEU,Buildings,0.6457077500049087
2005,DEU,Electricity infrastructure,0.0
2005,DEU,Other civil engineering,0.3542922499950914
2005,DEU,Railways,0.0
2005,DEU,Roads,0.0
2005,DNK,Buildings,1.0
2005,DNK,Electricity infrastructure,0.0
2005,DNK,Other civil engineering,0.0
2005,DNK,Railways,0.0
2005,DNK,Roads,0.0
2005,ESP,Buildings,0.8601134927531149
2005,ESP,Electricity infrastructure,0.0
2005,ESP,Other civil engineering,0.1398865072468851
2005,ESP,Railways,0.0
2005,ESP,Roads,0.0
2005,EST,Buildings,0.7486608982282653
2005,EST,Electricity infrastructure,0.0
2005,EST,Other civil engineering,0.2513391017717347
2005,EST,Railways,0.0
2005,EST,Roads,0.0
2005,FIN,Buildings,0.7349676643104227
2005,FIN,Electricity infrastructure,0.0
2005,FIN,Other civil engineering,0.26503233568957735
2005,FIN,Railways,0.0
2005,FIN,Roads,0.0
2005,FRA,Buildings,0.5830418444325148
2005,FRA,Electricity infrastructure,0.0
2005,FRA,Other civil engineering,0.41695815556748517
2005,FRA,Railways,0.0
2005,FRA,Roads,0.0
2005,GRC,Buildings,0.5943700186535527
2005,GRC,Electricity infrastructure,0.0
2005,GRC,Other civil engineering,0.4056299813464473
2005,GRC,Railways,0.0
2005,GRC,Roads,0.0
2005,HRV,Buildings,0.5099201005476255
2005,HRV,Electricity infrastructure,0.0
2005,HRV,Other civil engineering,0.4900798994523745
2005,HRV,Railways,0.0
2005,HRV,Roads,0.0
2005,HUN,Buildings,0.5423048869438366
2005,HUN,Electricity infrastructure,0.0
2005,HUN,Other civil engineering,0.4576951130561634
2005,HUN,Railways,0.0
2005,HUN,Roads,0.0
2005,IRL,Buildings,0.0
2005,IRL,Electricity infrastructure,0.0
2005,IRL,Other civil engineering,1.0
2005,IRL,Railways,0.0
2005,IRL,Roads,0.0
2005,ITA,Buildings,0.8657187792094272
2005,ITA,Electricity infrastructure,0.0
2005,ITA,Other civil engineering,0.13428122079057278
2005,ITA,Railways,0.0
2005,ITA,Roads,0.0
2005,LTU,Buildings,0.6739681120548353
2005,LTU,Electricity infrastructure,0.0
2005,LTU,Other civil engineering,0.3260318879451647
2005,LTU,Railways,0.0
2005,LTU,Roads,0.0
2005,LUX,Buildings,0.7060228177235341
2005,LUX,Electricity infrastructure,0.0
2005,LUX,Other civil engineering,0.2939771822764659
2005,LUX,Railways,0.0
2005,LUX,Roads,0.0
2005,LVA,Buildings,0.5953259532595326
2005,LVA,Electricity infrastructure,0.0
2005,LVA,Other civil engineering,0.40467404674046736
2005,LVA,Railways,0.0
2005,LVA,Roads,0.0
2005,MLT,Buildings,0.8971141781681305
2005,MLT,Electricity infrastructure,0.0
2005,MLT,Other civil engineering,0.10288582183186942
2005,MLT,Railways,0.0
2005,MLT,Roads,0.0
2005,NLD,Buildings,0.7115210493579297
2005,NLD,Electricity infrastructure,0.0
2005,NLD,Other civil engineering,0.28847895064207035
2005,NLD,Railways,0.0
2005,NLD,Roads,0.0
2005,POL,Buildings,0.6348263161107832
2005,POL,Electricity infrastructure,0.0
2005,POL,Other civil engineering,0.3651736838892168
2005,POL,Railways,0.0
2005,POL,Roads,0.0
2005,PRT,Buildings,0.7013337709613892
2005,PRT,Electricity infrastructure,0.0
2005,PRT,Other civil engineering,0.29866622903861084
2005,PRT,Railways,0.0
2005,PRT,Roads,0.0
2005,ROU,Buildings,0.6697247706422019
2005,ROU,Electricity infrastructure,0.0
2005,ROU,Other civil engineering,0.3302752293577981
2005,ROU,Railways,0.0
2005,ROU,Roads,0.0
2005,SVK,Buildings,0.504004470106165
2005,SVK,Electricity infrastructure,0.0
2005,SVK,Other civil engineering,0.495995529893835
2005,SVK,Railways,0.0
2005,SVK,Roads,0.0
2005,SVN,Buildings,0.6098962490023944
2005,SVN,Electricity infrastructure,0.0
2005,SVN,Other civil engineering,0.3901037509976056
2005,SVN,Railways,0.0
2005,SVN,Roads,0.0
2005,SWE,Buildings,0.8781813865147199
2005,SWE,Electricity infrastructure,0.0
2005,SWE,Other civil engineering,0.1218186134852801
2005,SWE,Railways,0.0
2005,SWE,Roads,0.0
2006,AUT,Buildings,0.6182987360772341
2006,AUT,Electricity infrastructure,0.0
2006,AUT,Other civil engineering,0.381701263922766
2006,AUT,Railways,0.0
2006,AUT,Roads,0.0
2006,BEL,Buildings,0.6922799354287341
2006,BEL,Electricity infrastructure,0.0
2006,BEL,Other civil engineering,0.3077200645712659
2006,BEL,Railways,0.0
2006,BEL,Roads,0.0
2006,BGR,Buildings,0.8002871687769221
2006,BGR,Electricity infrastructure,0.0
2006,BGR,Other civil engineering,0.19971283122307792
2006,BGR,Railways,0.0
2006,BGR,Roads,0.0
2006,CYP,Buildings,0.7901716068642747
2006,CYP,Electricity infrastructure,0.0
2006,CYP,Other civil engineering,0.20982839313572538
2006,CYP,Railways,0.0
2006,CYP,Roads,0.0
2006,CZE,Buildings,0.6138430926662877
2006,CZE,Electricity infrastructure,0.0
2006,CZE,Other civil engineering,0.38615690733371233
2006,CZE,Railways,0.0
2006,CZE,Roads,0.0
2006,DEU,Buildings,0.6615996236179722
2006,DEU,Electricity infrastructure,0.0
2006,DEU,Other civil engineering,0.3384003763820278
2006,DEU,Railways,0.0
2006,DEU,Roads,0.0
2006,DNK,Buildings,0.9611113588725865
2006,DNK,Electricity infrastructure,0.0
2006,DNK,Other civil engineering,0.03888864112741348
2006,DNK,Railways,0.0
2006,DNK,Roads,0.0
2006,ESP,Buildings,0.8561696244472783
2006,ESP,Electricity infrastructure,0.0
2006,ESP,Other civil engineering,0.14383037555272168
2006,ESP,Railways,0.0
2006,ESP,Roads,0.0
2006,EST,Buildings,0.7550697540629944
2006,EST,Electricity infrastructure,0.0
2006,EST,Other civil engineering,0.24493024593700563
2006,EST,Railways,0.0
2006,EST,Roads,0.0
2006,FIN,Buildings,0.7615990990990991
2006,FIN,Electricity infrastructure,0.0
2006,FIN,Other civil engineering,0.23840090090090088
2006,FIN,Railways,0.0
2006,FIN,Roads,0.0
2006,FRA,Buildings,0.5796389280101238
2006,FRA,Electricity infrastructure,0.0
2006,FRA,Other civil engineering,0.4203610719898762
2006,FRA,Railways,0.0
2006,FRA,Roads,0.0
2006,GRC,Buildings,0.5943700186535527
2006,GRC,Electricity infrastructure,0.0
2006,GRC,Other civil engineering,0.4056299813464473
2006,GRC,Railways,0.0
2006,GRC,Roads,0.0
2006,HRV,Buildings,0.5099201005476255
2006,HRV,Electricity infrastructure,0.0
2006,HRV,Other civil engineering,0.4900798994523745
2006,HRV,Railways,0.0
2006,HRV,Roads,0.0
2006,HUN,Buildings,0.5441501891641087
2006,HUN,Electricity infrastructure,0.0
2006,HUN,Other civil engineering,0.45584981083589127
2006,HUN,Railways,0.0
2006,HUN,Roads,0.0
2006,IRL,Buildings,0.0
2006,IRL,Electricity infrastructure,0.0
2006,IRL,Other civil engineering,1.0
2006,IRL,Railways,0.0
2006,IRL,Roads,0.0
2006,ITA,Buildings,0.8639637529244665
2006,ITA,Electricity infrastructure,0.0
2006,ITA,Other civil engineering,0.13603624707553355
2006,ITA,Railways,0.0
2006,ITA,Roads,0.0
2006,LTU,Buildings,0.7224493968513597
2006,LTU,Electricity infrastructure,0.0
2006,LTU,Other civil engineering,0.27755060314864033
2006,LTU,Railways,0.0
2006,LTU,Roads,0.0
2006,LUX,Buildings,0.6985428051001821
2006,LUX,Electricity infrastructure,0.0
2006,LUX,Other civil engineering,0.30145719489981787
2006,LUX,Railways,0.0
2006,LUX,Roads,0.0
2006,LVA,Buildings,0.6704277092626608
2006,LVA,Electricity infrastructure,0.0
2006,LVA,Other civil engineering,0.3295722907373392
2006,LVA,Railways,0.0
2006,LVA,Roads,0.0
2006,MLT,Buildings,0.8971141781681305
2006,MLT,Electricity infrastructure,0.0
2006,MLT,Other civil engineering,0.10288582183186942
2006,MLT,Railways,0.0
2006,MLT,Roads,0.0
2006,NLD,Buildings,0.7281377779804523
2006,NLD,Electricity infrastructure,0.0
2006,NLD,Other civil engineering,0.2718622220195477
2006,NLD,Railways,0.0
2006,NLD,Roads,0.0
2006,POL,Buildings,0.6821652202570581
2006,POL,Electricity infrastructure,0.0
2006,POL,Other civil engineering,0.317834779742942
2006,POL,Railways,0.0
2006,POL,Roads,0.0
2006,PRT,Buildings,0.7110016894574964
2006,PRT,Electricity infrastructure,0.0
2006,PRT,Other civil engineering,0.2889983105425036
2006,PRT,Railways,0.0
2006,PRT,Roads,0.0
2006,ROU,Buildings,0.7001909931644552
2006,ROU,Electricity infrastructure,0.0
2006,ROU,Other civil engineering,0.29980900683554484
2006,ROU,Railways,0.0
2006,ROU,Roads,0.0
2006,SVK,Buildings,0.5105993594631693
2006,SVK,Electricity infrastructure,0.0
2006,SVK,Other civil engineering,0.4894006405368308
2006,SVK,Railways,0.0
2006,SVK,Roads,0.0
2006,SVN,Buildings,0.6535815459328208
2006,SVN,Electricity infrastructure,0.0
2006,SVN,Other civil engineering,0.3464184540671792
2006,SVN,Railways,0.0
2006,SVN,Roads,0.0
2006,SWE,Buildings,0.876441480663453
2006,SWE,Electricity infrastructure,0.0
2006,SWE,Other civil engineering,0.1235585193365471
2006,SWE,Railways,0.0
2006,SWE,Roads,0.0
2007,AUT,Buildings,0.5820673128619488
2007,AUT,Electricity infrastructure,0.0
2007,AUT,Other civil engineering,0.4179326871380512
2007,AUT,Railways,0.0
2007,AUT,Roads,0.0
2007,BEL,Buildings,0.6850406160987447
2007,BEL,Electricity infrastructure,0.0
2007,BEL,Other civil engineering,0.31495938390125533
2007,BEL,Railways,0.0
2007,BEL,Roads,0.0
2007,BGR,Buildings,0.7815138721351025
2007,BGR,Electricity infrastructure,0.0
2007,BGR,Other civil engineering,0.21848612786489752
2007,BGR,Railways,0.0
2007,BGR,Roads,0.0
2007,CYP,Buildings,0.7909909909909909
2007,CYP,Electricity infrastructure,0.0
2007,CYP,Other civil engineering,0.20900900900900912
2007,CYP,Railways,0.0
2007,CYP,Roads,0.0
2007,CZE,Buildings,0.6094638397364366
2007,CZE,Electricity infrastructure,0.0
2007,CZE,Other civil engineering,0.39053616026356336
2007,CZE,Railways,0.0
2007,CZE,Roads,0.0
2007,DEU,Buildings,0.6572766342021518
2007,DEU,Electricity infrastructure,0.0
2007,DEU,Other civil engineering,0.34272336579784823
2007,DEU,Railways,0.0
2007,DEU,Roads,0.0
2007,DNK,Buildings,0.6907568327167399
2007,DNK,Electricity infrastructure,0.0
2007,DNK,Other civil engineering,0.3092431672832601
2007,DNK,Railways,0.0
2007,DNK,Roads,0.0
2007,ESP,Buildings,0.8591105942502233
2007,ESP,Electricity infrastructure,0.0
2007,ESP,Other civil engineering,0.14088940574977676
2007,ESP,Railways,0.0
2007,ESP,Roads,0.0
2007,EST,Buildings,0.7185094685400122
2007,EST,Electricity infrastructure,0.0
2007,EST,Other civil engineering,0.2814905314599878
2007,EST,Railways,0.0
2007,EST,Roads,0.0
2007,FIN,Buildings,0.7690104361254327
2007,FIN,Electricity infrastructure,0.0
2007,FIN,Other civil engineering,0.2309895638745673
2007,FIN,Railways,0.0
2007,FIN,Roads,0.0
2007,FRA,Buildings,0.5789319068083716
2007,FRA,Electricity infrastructure,0.0
2007,FRA,Other civil engineering,0.42106809319162847
2007,FRA,Railways,0.0
2007,FRA,Roads,0.0
2007,GRC,Buildings,0.5943700186535527
2007,GRC,Electricity infrastructure,0.0
2007,GRC,Other civil engineering,0.4056299813464473
2007,GRC,Railways,0.0
2007,GRC,Roads,0.0
2007,HRV,Buildings,0.5099201005476255
2007,HRV,Electricity infrastructure,0.0
2007,HRV,Other civil engineering,0.4900798994523745
2007,HRV,Railways,0.0
2007,HRV,Roads,0.0
2007,HUN,Buildings,0.5450822294746273
2007,HUN,Electricity infrastructure,0.0
2007,HUN,Other civil engineering,0.45491777052537274
2007,HUN,Railways,0.0
2007,HUN,Roads,0.0
2007,IRL,Buildings,0.0
2007,IRL,Electricity infrastructure,0.0
2007,IRL,Other civil engineering,1.0
2007,IRL,Railways,0.0
2007,IRL,Roads,0.0
2007,ITA,Buildings,0.8632401410314328
2007,ITA,Electricity infrastructure,0.0
2007,ITA,Other civil engineering,0.13675985896856724
2007,ITA,Railways,0.0
2007,ITA,Roads,0.0
2007,LTU,Buildings,0.7375369742442826
2007,LTU,Electricity infrastructure,0.0
2007,LTU,Other civil engineering,0.26246302575571745
2007,LTU,Railways,0.0
2007,LTU,Roads,0.0
2007,LUX,Buildings,0.7321914357682618
2007,LUX,Electricity infrastructure,0.0
2007,LUX,Other civil engineering,0.2678085642317381
2007,LUX,Railways,0.0
2007,LUX,Roads,0.0
2007,LVA,Buildings,0.6792121324209359
2007,LVA,Electricity infrastructure,0.0
2007,LVA,Other civil engineering,0.320787867579064
2007,LVA,Railways,0.0
2007,LVA,Roads,0.0
2007,MLT,Buildings,0.8971141781681305
2007,MLT,Electricity infrastructure,0.0
2007,MLT,Other civil engineering,0.10288582183186942
2007,MLT,Railways,0.0
2007,MLT,Roads,0.0
2007,NLD,Buildings,0.7112186760149779
2007,NLD,Electricity infrastructure,0.0
2007,NLD,Other civil engineering,0.28878132398502204
2007,NLD,Railways,0.0
2007,NLD,Roads,0.0
2007,POL,Buildings,0.7657725942769587
2007,POL,Electricity infrastructure,0.0
2007,POL,Other civil engineering,0.23422740572304135
2007,POL,Railways,0.0
2007,POL,Roads,0.0
2007,PRT,Buildings,0.7122875208715407
2007,PRT,Electricity infrastructure,0.0
2007,PRT,Other civil engineering,0.2877124791284593
2007,PRT,Railways,0.0
2007,PRT,Roads,0.0
2007,ROU,Buildings,0.7095623746192139
2007,ROU,Electricity infrastructure,0.0
2007,ROU,Other civil engineering,0.29043762538078605
2007,ROU,Railways,0.0
2007,ROU,Roads,0.0
2007,SVK,Buildings,0.5030196275792653
2007,SVK,Electricity infrastructure,0.0
2007,SVK,Other civil engineering,0.49698037242073473
2007,SVK,Railways,0.0
2007,SVK,Roads,0.0
2007,SVN,Buildings,0.5664479482910587
2007,SVN,Electricity infrastructure,0.0
2007,SVN,Other civil engineering,0.4335520517089413
2007,SVN,Railways,0.0
2007,SVN,Roads,0.0
2007,SWE,Buildings,0.8727355072463767
2007,SWE,Electricity infrastructure,0.0
2007,SWE,Other civil engineering,0.12726449275362323
2007,SWE,Railways,0.0
2007,SWE,Roads,0.0
2008,AUT,Buildings,0.621434799508357
2008,AUT,Electricity infrastructure,0.0093916441680411
2008,AUT,Other civil engineering,0.140055257324747
2008,AUT,Railways,0.014610031110181375
2008,AUT,Roads,0.21450826788867358
2008,BEL,Buildings,0.7808290557544985
2008,BEL,Electricity infrastructure,0.017538997106398075
2008,BEL,Other civil engineering,0.06224015787314711
2008,BEL,Railways,0.009080514190760273
2008,BEL,Roads,0.1303112750751961
2008,BGR,Buildings,0.7363081116551411
2008,BGR,Electricity infrastructure,0.01993841805057796
2008,BGR,Other civil engineering,0.09666346978951082
2008,BGR,Railways,0.01159203156342321
2008,BGR,Roads,0.13549796894134686
2008,CYP,Buildings,0.9027112305714621
2008,CYP,Electricity infrastructure,0.0014607923337618324
2008,CYP,Other civil engineering,0.011861633750145931
2008,CYP,Railways,0.0
2008,CYP,Roads,0.08396634334463013
2008,CZE,Buildings,0.6615384615384615
2008,CZE,Electricity infrastructure,0.02392783808174127
2008,CZE,Other civil engineering,0.09912269483265608
2008,CZE,Railways,0.017875382650541418
2008,CZE,Roads,0.1975356228965997
2008,DEU,Buildings,0.7738372594701872
2008,DEU,Electricity infrastructure,0.009272955881809103
2008,DEU,Other civil engineering,0.09287440060155569
2008,DEU,Railways,0.015710617487851714
2008,DEU,Roads,0.10830476655859625
2008,DNK,Buildings,0.8322302949885922
2008,DNK,Electricity infrastructure,0.01585786177769867
2008,DNK,Other civil engineering,0.09859382837909983
2008,DNK,Railways,0.01250310017470761
2008,DNK,Roads,0.04081491467990169
2008,ESP,Buildings,0.8756963680771045
2008,ESP,Electricity infrastructure,0.014804828957633161
2008,ESP,Other civil engineering,0.029432418896364755
2008,ESP,Railways,0.014899330473030258
2008,ESP,Roads,0.06516705359586737
2008,EST,Buildings,0.6435565382185723
2008,EST,Electricity infrastructure,0.08528111181301326
2008,EST,Other civil engineering,0.11576121288692368
2008,EST,Railways,0.01305891908247822
2008,EST,Roads,0.14234221799901262
2008,FIN,Buildings,0.7755637018984619
2008,FIN,Electricity infrastructure,0.07128960249032337
2008,FIN,Other civil engineering,0.046570685453316704
2008,FIN,Railways,0.025985192586127127
2008,FIN,Roads,0.08059081757177083
2008,FRA,Buildings,0.7759708146055784
2008,FRA,Electricity infrastructure,0.03422521150670058
2008,FRA,Other civil engineering,0.07549374565830468
2008,FRA,Railways,0.007993177808854229
2008,FRA,Roads,0.10631705042056208
2008,GRC,Buildings,0.6469893742621015
2008,GRC,Electricity infrastructure,0.05755608028335301
2008,GRC,Other civil engineering,0.06685360094451008
2008,GRC,Railways,0.05363083079887078
2008,GRC,Roads,0.17497011371116464
2008,HRV,Buildings,0.557796678817335
2008,HRV,Electricity infrastructure,0.005791818550020251
2008,HRV,Other civil engineering,0.1943296881328473
2008,HRV,Railways,0.0028759719697806522
2008,HRV,Roads,0.23920584253001684
2008,HUN,Buildings,0.6026113671274962
2008,HUN,Electricity infrastructure,0.0808499743983615
2008,HUN,Other civil engineering,0.10128008192524326
2008,HUN,Railways,0.0310140562060685
2008,HUN,Roads,0.18424452034283062
2008,IRL,Buildings,0.8438124565117622
2008,IRL,Electricity infrastructure,0.014567634387907678
2008,IRL,Other civil engineering,0.06752335410899085
2008,IRL,Railways,0.001263009460079648
2008,IRL,Roads,0.0728335455312597
2008,ITA,Buildings,0.9020525925596935
2008,ITA,Electricity infrastructure,0.012415315182967032
2008,ITA,Other civil engineering,0.03466141447132416
2008,ITA,Railways,0.0077557512910071645
2008,ITA,Roads,0.043114926495008
2008,LTU,Buildings,0.6972338527009405
2008,LTU,Electricity infrastructure,0.04248747340242982
2008,LTU,Other civil engineering,0.07879744663326237
2008,LTU,Railways,0.010019570089968188
2008,LTU,Roads,0.17146165717339926
2008,LUX,Buildings,0.7893808148861085
2008,LUX,Electricity infrastructure,0.0021175593517822984
2008,LUX,Other civil engineering,0.013755360839007288
2008,LUX,Railways,0.013763422228577226
2008,LUX,Roads,0.18098284269452486
2008,LVA,Buildings,0.6347045476965573
2008,LVA,Electricity infrastructure,0.04084048535069547
2008,LVA,Other civil engineering,0.08365394100818774
2008,LVA,Railways,0.017828647388396433
2008,LVA,Roads,0.2229723785561631
2008,MLT,Buildings,0.5424164588807491
2008,MLT,Electricity infrastructure,0.0
2008,MLT,Other civil engineering,0.0
2008,MLT,Railways,0.0
2008,MLT,Roads,0.45758354111925087
2008,NLD,Buildings,0.7688333494785107
2008,NLD,Electricity infrastructure,0.02328827015754792
2008,NLD,Other civil engineering,0.09027753248191055
2008,NLD,Railways,0.012042533421194929
2008,NLD,Roads,0.10555831446083593
2008,POL,Buildings,0.7249664218021923
2008,POL,Electricity infrastructure,0.033653232886374375
2008,POL,Other civil engineering,0.10851573110429132
2008,POL,Railways,0.013367697125266037
2008,POL,Roads,0.11949691708187578
2008,PRT,Buildings,0.7069056206792907
2008,PRT,Electricity infrastructure,0.013964031660154294
2008,PRT,Other civil engineering,0.13920198376916135
2008,PRT,Railways,0.011895126491139819
2008,PRT,Roads,0.12803323740025385
2008,ROU,Buildings,0.619857358676176
2008,ROU,Electricity infrastructure,0.029301198046586794
2008,ROU,Other civil engineering,0.08765766082282267
2008,ROU,Railways,0.010701696822570777
2008,ROU,Roads,0.25248208563184366
2008,SVK,Buildings,0.5386227259739024
2008,SVK,Electricity infrastructure,0.04381369654252786
2008,SVK,Other civil engineering,0.12953614629964746
2008,SVK,Railways,0.03338650024817462
2008,SVK,Roads,0.2546409309357477
2008,SVN,Buildings,0.6995808424379851
2008,SVN,Electricity infrastructure,0.03415103415103415
2008,SVN,Other civil engineering,0.06740878169449611
2008,SVN,Railways,0.010502889331650635
2008,SVN,Roads,0.18835645238483392
2008,SWE,Buildings,0.9044710129761409
2008,SWE,Electricity infrastructure,0.013564776056927588
2008,SWE,Other civil engineering,0.021818752616157275
2008,SWE,Railways,0.011874405922505382
2008,SWE,Roads,0.04827105242826902
2009,AUT,Buildings,0.7038372078863085
2009,AUT,Electricity infrastructure,0.01104521597233216
2009,AUT,Other civil engineering,0.10511830680614251
2009,AUT,Railways,0.011953304248046468
2009,AUT,Roads,0.16804596508717035
2009,BEL,Buildings,0.7827109974424552
2009,BEL,Electricity infrastructure,0.021972151179312307
2009,BEL,Other civil engineering,0.06340437624325093
2009,BEL,Railways,0.009359805183739014
2009,BEL,Roads,0.12255266995124252
2009,BGR,Buildings,0.7015082621714539
2009,BGR,Electricity infrastructure,0.029111677941665744
2009,BGR,Other civil engineering,0.1381834312964401
2009,BGR,Railways,0.015375046521585414
2009,BGR,Roads,0.11582158206885484
2009,CYP,Buildings,0.9084823070698153
2009,CYP,Electricity infrastructure,0.0022805855955271097
2009,CYP,Other civil engineering,0.014051349959538037
2009,CYP,Railways,0.0
2009,CYP,Roads,0.07518575737511955
2009,CZE,Buildings,0.5909081516685608
2009,CZE,Electricity infrastructure,0.04232998751838974
2009,CZE,Other civil engineering,0.11255637042794797
2009,CZE,Railways,0.018719252231666456
2009,CZE,Roads,0.23548623815343517
2009,DEU,Buildings,0.7238808406181243
2009,DEU,Electricity infrastructure,0.013951544985082222
2009,DEU,Other civil engineering,0.10475736585429567
2009,DEU,Railways,0.023693285642972614
2009,DEU,Roads,0.13371696289952503
2009,DNK,Buildings,0.8163056119532435
2009,DNK,Electricity infrastructure,0.019317577023910428
2009,DNK,Other civil engineering,0.09942638623326965
2009,DNK,Railways,0.01523090590953767
2009,DNK,Roads,0.04971951888003873
2009,ESP,Buildings,0.8468149462184905
2009,ESP,Electricity infrastructure,0.02410423339910575
2009,ESP,Other civil engineering,0.03544780967460826
2009,ESP,Railways,0.01912467576316059
2009,ESP,Roads,0.07450833494463492
2009,EST,Buildings,0.5936170212765957
2009,EST,Electricity infrastructure,0.12145390070921985
2009,EST,Other civil engineering,0.07027186761229333
2009,EST,Railways,0.01837818582207973
2009,EST,Roads,0.19627902457981147
2009,FIN,Buildings,0.7436258170641965
2009,FIN,Electricity infrastructure,0.08345959049391802
2009,FIN,Other civil engineering,0.05986753820180932
2009,FIN,Railways,0.0274572191097944
2009,FIN,Roads,0.08558983513028182
2009,FRA,Buildings,0.7589503007668406
2009,FRA,Electricity infrastructure,0.03795682631033832
2009,FRA,Other civil engineering,0.07649018617441937
2009,FRA,Railways,0.008673349139903013
2009,FRA,Roads,0.11792933760849875
2009,GRC,Buildings,0.6469893742621015
2009,GRC,Electricity infrastructure,0.05755608028335301
2009,GRC,Other civil engineering,0.06685360094451008
2009,GRC,Railways,0.05363083079887078
2009,GRC,Roads,0.17497011371116464
2009,HRV,Buildings,0.5270948982289189
2009,HRV,Electricity infrastructure,0.006300114547537228
2009,HRV,Other civil engineering,0.1751255617234999
2009,HRV,Railways,0.0031196029718478426
2009,HRV,Roads,0.2883598225281962
2009,HUN,Buildings,0.5451860602480804
2009,HUN,Electricity infrastructure,0.0919669226225635
2009,HUN,Other civil engineering,0.10053160070880089
2009,HUN,Railways,0.044327244338713614
2009,HUN,Roads,0.2179881720818416
2009,IRL,Buildings,0.038735110120833
2009,IRL,Electricity infrastructure,0.05107549918587709
2009,IRL,Other civil engineering,0.34218870511611993
2009,IRL,Railways,0.007283171666689404
2009,IRL,Roads,0.5607175139104806
2009,ITA,Buildings,0.860033148251392
2009,ITA,Electricity infrastructure,0.01736625286010883
2009,ITA,Other civil engineering,0.042588187214462024
2009,ITA,Railways,0.012966198668664561
2009,ITA,Roads,0.0670462130053726
2009,LTU,Buildings,0.5391414141414141
2009,LTU,Electricity infrastructure,0.056457431457431456
2009,LTU,Other civil engineering,0.12500000000000006
2009,LTU,Railways,0.014313964663266062
2009,LTU,Roads,0.26508718973788836
2009,LUX,Buildings,0.7701799485861183
2009,LUX,Electricity infrastructure,0.00453395916933422
2009,LUX,Other civil engineering,0.00017345499890684068
2009,LUX,Railways,0.024517979076044222
2009,LUX,Roads,0.20059465816959646
2009,LVA,Buildings,0.4552991261483307
2009,LVA,Electricity infrastructure,0.06565090746134887
2009,LVA,Other civil engineering,0.14138471879901418
2009,LVA,Railways,0.039780599669847774
2009,LVA,Roads,0.2978846479214585
2009,MLT,Buildings,0.5822100558081763
2009,MLT,Electricity infrastructure,4.051566150370051e-05
2009,MLT,Other civil engineering,0.0
2009,MLT,Railways,0.0
2009,MLT,Roads,0.41774942853032004
2009,NLD,Buildings,0.754113437790913
2009,NLD,Electricity infrastructure,0.02194711150121411
2009,NLD,Other civil engineering,0.10673637496260589
2009,NLD,Railways,0.01516527016003619
2009,NLD,Roads,0.10203780558523082
2009,POL,Buildings,0.6941539923954373
2009,POL,Electricity infrastructure,0.0319233206590621
2009,POL,Other civil engineering,0.12575693564286713
2009,POL,Railways,0.016562648904626668
2009,POL,Roads,0.13160310239800677
2009,PRT,Buildings,0.6625764301867828
2009,PRT,Electricity infrastructure,0.016416785325404137
2009,PRT,Other civil engineering,0.15149230812184153
2009,PRT,Railways,0.013051473884684698
2009,PRT,Roads,0.15646300248128678
2009,ROU,Buildings,0.620996707572583
2009,ROU,Electricity infrastructure,0.03554325052379527
2009,ROU,Other civil engineering,0.09772523196647705
2009,ROU,Railways,0.013027573496462646
2009,ROU,Roads,0.23270723644068186
2009,SVK,Buildings,0.508397286175064
2009,SVK,Electricity infrastructure,0.055277499721944165
2009,SVK,Other civil engineering,0.14203091980869764
2009,SVK,Railways,0.032891715244656415
2009,SVK,Roads,0.2614025790496378
2009,SVN,Buildings,0.6209902666102413
2009,SVN,Electricity infrastructure,0.03580194667795175
2009,SVN,Other civil engineering,0.08421498095641132
2009,SVN,Railways,0.01361306164649119
2009,SVN,Roads,0.2453797441089045
2009,SWE,Buildings,0.8775276832887021
2009,SWE,Electricity infrastructure,0.017036983426214083
2009,SWE,Other civil engineering,0.024607367735398615
2009,SWE,Railways,0.012227316781209968
2009,SWE,Roads,0.06860064876847519
2010,AUT,Buildings,0.6982791920551257
2010,AUT,Electricity infrastructure,0.01339513787646568
2010,AUT,Other civil engineering,0.10114263641234596
2010,AUT,Railways,0.017607184414857657
2010,AUT,Roads,0.16957584924120506
2010,BEL,Buildings,0.7875263810622048
2010,BEL,Electricity infrastructure,0.017351667718282893
2010,BEL,Other civil engineering,0.08735667196101031
2010,BEL,Railways,0.01390482996667343
2010,BEL,Roads,0.09386044929182835
2010,BGR,Buildings,0.5488331892826274
2010,BGR,Electricity infrastructure,0.053106693556131755
2010,BGR,Other civil engineering,0.20704888120618473
2010,BGR,Railways,0.01964299944218663
2010,BGR,Roads,0.1713682365128695
2010,CYP,Buildings,0.9071793067042057
2010,CYP,Electricity infrastructure,0.005366883688192857
2010,CYP,Other civil engineering,0.02727432693999653
2010,CYP,Railways,0.0
2010,CYP,Roads,0.06017948266760515
2010,CZE,Buildings,0.5370678972781268
2010,CZE,Electricity infrastructure,0.026365722430984492
2010,CZE,Other civil engineering,0.18136584994555635
2010,CZE,Railways,0.023105219723412878
2010,CZE,Roads,0.23209531062191946
2010,DEU,Buildings,0.7391293164059152
2010,DEU,Electricity infrastructure,0.015033468043877151
2010,DEU,Other civil engineering,0.0971516436782265
2010,DEU,Railways,0.028690448807746897
2010,DEU,Roads,0.1199951230642343
2010,DNK,Buildings,0.8176920019432053
2010,DNK,Electricity infrastructure,0.021640242017400523
2010,DNK,Other civil engineering,0.08790796272578723
2010,DNK,Railways,0.01706220659136942
2010,DNK,Roads,0.05569758672223744
2010,ESP,Buildings,0.845684712590607
2010,ESP,Electricity infrastructure,0.022991854903419866
2010,ESP,Other civil engineering,0.038918947996001395
2010,ESP,Railways,0.020888775539585142
2010,ESP,Roads,0.07151570897038666
2010,EST,Buildings,0.593657379964434
2010,EST,Electricity infrastructure,0.14448725548310612
2010,EST,Other civil engineering,0.06070934597905549
2010,EST,Railways,0.024780360020125604
2010,EST,Roads,0.1763656585532789
2010,FIN,Buildings,0.7581964502259948
2010,FIN,Electricity infrastructure,0.08047624297210892
2010,FIN,Other civil engineering,0.053621430933744996
2010,FIN,Railways,0.02807587620138374
2010,FIN,Roads,0.07962999966676751
2010,FRA,Buildings,0.7578395633609925
2010,FRA,Electricity infrastructure,0.03883025859985499
2010,FRA,Other civil engineering,0.08150225569966953
2010,FRA,Railways,0.008934996592397198
2010,FRA,Roads,0.11289292574708562
2010,GRC,Buildings,0.6893812709030102
2010,GRC,Electricity infrastructure,0.052626401731261076
2010,GRC,Other civil engineering,0.07635746606334841
2010,GRC,Railways,0.015176354013129575
2010,GRC,Roads,0.16645850728925096
2010,HRV,Buildings,0.4992616992276237
2010,HRV,Electricity infrastructure,0.008121308496138119
2010,HRV,Other civil engineering,0.17741935483870974
2010,HRV,Railways,0.004041746326554443
2010,HRV,Roads,0.31115589111097397
2010,HUN,Buildings,0.5934954050707163
2010,HUN,Electricity infrastructure,0.10903995307306263
2010,HUN,Other civil engineering,0.11451476243237961
2010,HUN,Railways,0.049508477574696695
2010,HUN,Roads,0.1334414018491448
2010,IRL,Buildings,0.0
2010,IRL,Electricity infrastructure,0.10259067357512953
2010,IRL,Other civil engineering,0.3973056994818653
2010,IRL,Railways,0.01798317836610121
2010,IRL,Roads,0.4821204485769039
2010,ITA,Buildings,0.8492974678788788
2010,ITA,Electricity infrastructure,0.016665414381245774
2010,ITA,Other civil engineering,0.05085781551331181
2010,ITA,Railways,0.014587364997346216
2010,ITA,Roads,0.06859193722921723
2010,LTU,Buildings,0.5319148936170214
2010,LTU,Electricity infrastructure,0.06364149877612502
2010,LTU,Other civil engineering,0.13387309357936344
2010,LTU,Railways,0.02115651795480375
2010,LTU,Roads,0.2494139960726864
2010,LUX,Buildings,0.7462285328356022
2010,LUX,Electricity infrastructure,0.005375587703661587
2010,LUX,Other civil engineering,0.0
2010,LUX,Railways,0.03295568850963414
2010,LUX,Roads,0.21544019095110198
2010,LVA,Buildings,0.5206013363028953
2010,LVA,Electricity infrastructure,0.06069042316258353
2010,LVA,Other civil engineering,0.11456013363028957
2010,LVA,Railways,0.04553351438423688
2010,LVA,Roads,0.25861459251999475
2010,MLT,Buildings,0.7043223263235457
2010,MLT,Electricity infrastructure,8.286145015571127e-05
2010,MLT,Other civil engineering,0.0
2010,MLT,Railways,0.0
2010,MLT,Roads,0.29559481222629863
2010,NLD,Buildings,0.7345604262533301
2010,NLD,Electricity infrastructure,0.0209286408960327
2010,NLD,Other civil engineering,0.1101452789590302
2010,NLD,Railways,0.017846312386314088
2010,NLD,Roads,0.11651934150529292
2010,POL,Buildings,0.6157984994640943
2010,POL,Electricity infrastructure,0.03948553054662379
2010,POL,Other civil engineering,0.13891747052518763
2010,POL,Railways,0.01936694696887463
2010,POL,Roads,0.1864315524952197
2010,PRT,Buildings,0.649113305066386
2010,PRT,Electricity infrastructure,0.017857695521648974
2010,PRT,Other civil engineering,0.15671133669648113
2010,PRT,Railways,0.018044205248660634
2010,PRT,Roads,0.15827345746682325
2010,ROU,Buildings,0.5836975878258053
2010,ROU,Electricity infrastructure,0.04263126652636122
2010,ROU,Other civil engineering,0.10037234903674927
2010,ROU,Railways,0.017701125186561088
2010,ROU,Roads,0.25559767142452294
2010,SVK,Buildings,0.6075149076801497
2010,SVK,Electricity infrastructure,0.07953157554422016
2010,SVK,Other civil engineering,0.11473525396939417
2010,SVK,Railways,0.02032374882239117
2010,SVK,Roads,0.17789451398384495
2010,SVN,Buildings,0.6737302775538409
2010,SVN,Electricity infrastructure,0.029943567891281817
2010,SVN,Other civil engineering,0.10399631463779796
2010,SVN,Railways,0.019547134365438194
2010,SVN,Roads,0.17278270555164119
2010,SWE,Buildings,0.8511420851534883
2010,SWE,Electricity infrastructure,0.0192470212943235
2010,SWE,Other civil engineering,0.023782033732874505
2010,SWE,Railways,0.03870719937848923
2010,SWE,Roads,0.06712166044082446
2011,AUT,Buildings,0.6970385007179764
2011,AUT,Electricity infrastructure,0.011499895678641124
2011,AUT,Other civil engineering,0.09915438333803814
2011,AUT,Railways,0.015385730110374403
2011,AUT,Roads,0.17692149015497008
2011,BEL,Buildings,0.7791575256909529
2011,BEL,Electricity infrastructure,0.026242035542212935
2011,BEL,Other civil engineering,0.08846715021990824
2011,BEL,Railways,0.010351552961336656
2011,BEL,Roads,0.09578173558558933
2011,BGR,Buildings,0.5510107241150233
2011,BGR,Electricity infrastructure,0.05504413020783904
2011,BGR,Other civil engineering,0.159438170257189
2011,BGR,Railways,0.04020389856937403
2011,BGR,Roads,0.1943030768505747
2011,CYP,Buildings,0.8519611056484215
2011,CYP,Electricity infrastructure,0.0026220911176663394
2011,CYP,Other civil engineering,0.059980334316617416
2011,CYP,Railways,0.0
2011,CYP,Roads,0.0854364689172949
2011,CZE,Buildings,0.575728307989488
2011,CZE,Electricity infrastructure,0.04462815792475952
2011,CZE,Other civil engineering,0.15278334118243808
2011,CZE,Railways,0.026422291701865604
2011,CZE,Roads,0.20043790120144875
2011,DEU,Buildings,0.7373620334800481
2011,DEU,Electricity infrastructure,0.015361006993587051
2011,DEU,Other civil engineering,0.10117112773535328
2011,DEU,Railways,0.027563328467035148
2011,DEU,Roads,0.11854250332397635
2011,DNK,Buildings,0.803855969461065
2011,DNK,Electricity infrastructure,0.021016963692122925
2011,DNK,Other civil engineering,0.10446288790237841
2011,DNK,Railways,0.016570784012025896
2011,DNK,Roads,0.054093394932407814
2011,ESP,Buildings,0.8122225199295874
2011,ESP,Electricity infrastructure,0.03142061152934194
2011,ESP,Other civil engineering,0.043811960345378945
2011,ESP,Railways,0.025398145973006204
2011,ESP,Roads,0.0871467622226855
2011,EST,Buildings,0.598195100988397
2011,EST,Electricity infrastructure,0.09910829394069619
2011,EST,Other civil engineering,0.1408286778398509
2011,EST,Railways,0.01892448502285448
2011,EST,Roads,0.14294344220820124
2011,FIN,Buildings,0.76076006388468
2011,FIN,Electricity infrastructure,0.09240755149678531
2011,FIN,Other civil engineering,0.04228264875711528
2011,FIN,Railways,0.0260077196528717
2011,FIN,Roads,0.07854201620854771
2011,FRA,Buildings,0.7526487599521853
2011,FRA,Electricity infrastructure,0.03920733955852764
2011,FRA,Other civil engineering,0.08243886382366812
2011,FRA,Railways,0.009784589862969238
2011,FRA,Roads,0.11592044680264975
2011,GRC,Buildings,0.7677785213624035
2011,GRC,Electricity infrastructure,0.03564509879891515
2011,GRC,Other civil engineering,0.06924729667852483
2011,GRC,Railways,0.02456093989891341
2011,GRC,Roads,0.10276814326124298
2011,HRV,Buildings,0.509690068622276
2011,HRV,Electricity infrastructure,0.010783500490159113
2011,HRV,Other civil engineering,0.15104441595656426
2011,HRV,Railways,0.005413245529075484
2011,HRV,Roads,0.32306876940192525
2011,HUN,Buildings,0.5682967959527825
2011,HUN,Electricity infrastructure,0.10920741989881959
2011,HUN,Other civil engineering,0.13301854974704877
2011,HUN,Railways,0.062209693256772065
2011,HUN,Roads,0.12726754114457706
2011,IRL,Buildings,0.0
2011,IRL,Electricity infrastructure,0.1941302354020178
2011,IRL,Other civil engineering,0.3702231733414856
2011,IRL,Railways,0.027147116962571008
2011,IRL,Roads,0.40849947429392564
2011,ITA,Buildings,0.8279815692571242
2011,ITA,Electricity infrastructure,0.01865107452993619
2011,ITA,Other civil engineering,0.06199581920686127
2011,ITA,Railways,0.013592314163250867
2011,ITA,Roads,0.07777922284282753
2011,LTU,Buildings,0.6023032023978546
2011,LTU,Electricity infrastructure,0.07114686859126046
2011,LTU,Other civil engineering,0.1060104117368669
2011,LTU,Railways,0.01359157700001285
2011,LTU,Roads,0.2069479402740052
2011,LUX,Buildings,0.7489367861806006
2011,LUX,Electricity infrastructure,0.005667346015767963
2011,LUX,Other civil engineering,0.0
2011,LUX,Railways,0.03942525944638969
2011,LUX,Roads,0.2059706083572418
2011,LVA,Buildings,0.550561797752809
2011,LVA,Electricity infrastructure,0.07505617977528091
2011,LVA,Other civil engineering,0.10089887640449431
2011,LVA,Railways,0.028328931465150635
2011,LVA,Roads,0.2451542146022651
2011,MLT,Buildings,0.6532915329169826
2011,MLT,Electricity infrastructure,0.0001283900818048443
2011,MLT,Other civil engineering,0.0
2011,MLT,Railways,0.0
2011,MLT,Roads,0.34658007700121246
2011,NLD,Buildings,0.7314135908770809
2011,NLD,Electricity infrastructure,0.0275998537655798
2011,NLD,Other civil engineering,0.09590412483499382
2011,NLD,Railways,0.01793724491128951
2011,NLD,Roads,0.12714518561105603
2011,POL,Buildings,0.6826986721958611
2011,POL,Electricity infrastructure,0.03555963156425695
2011,POL,Other civil engineering,0.09287451652777223
2011,POL,Railways,0.022771772917198396
2011,POL,Roads,0.16609540679491133
2011,PRT,Buildings,0.6188639159118864
2011,PRT,Electricity infrastructure,0.024823884602482388
2011,PRT,Other civil engineering,0.16538074471653816
2011,PRT,Railways,0.01089222676221739
2011,PRT,Roads,0.18003922800687577
2011,ROU,Buildings,0.5278744666516955
2011,ROU,Electricity infrastructure,0.043341567482596
2011,ROU,Other civil engineering,0.09706939142151375
2011,ROU,Railways,0.01478132853963612
2011,ROU,Roads,0.31693324590455874
2011,SVK,Buildings,0.65002174228149
2011,SVK,Electricity infrastructure,0.00826206696622699
2011,SVK,Other civil engineering,0.13443977388027262
2011,SVK,Railways,0.0197955635813526
2011,SVK,Roads,0.18748085329065778
2011,SVN,Buildings,0.657052452233175
2011,SVN,Electricity infrastructure,0.03590118047949372
2011,SVN,Other civil engineering,0.09419496166484125
2011,SVN,Railways,0.021552958388376748
2011,SVN,Roads,0.19129844723411313
2011,SWE,Buildings,0.8577442871759892
2011,SWE,Electricity infrastructure,0.018737210095497954
2011,SWE,Other civil engineering,0.023160385402455394
2011,SWE,Railways,0.04091223194935662
2011,SWE,Roads,0.05944588537670069
2012,AUT,Buildings,0.6829629459571145
2012,AUT,Electricity infrastructure,0.010239221268194132
2012,AUT,Other civil engineering,0.09490793884016728
2012,AUT,Railways,0.011708599848293581
2012,AUT,Roads,0.20018129408623048
2012,BEL,Buildings,0.7606255981993542
2012,BEL,Electricity infrastructure,0.027556612009213586
2012,BEL,Other civil engineering,0.08773941121406868
2012,BEL,Railways,0.022230843674515097
2012,BEL,Roads,0.10184753490284851
2012,BGR,Buildings,0.543870696893367
2012,BGR,Electricity infrastructure,0.10747271200671703
2012,BGR,Other civil engineering,0.15333753148614607
2012,BGR,Railways,0.043123755757482854
2012,BGR,Roads,0.15219530385628705
2012,CYP,Buildings,0.8604148660328437
2012,CYP,Electricity infrastructure,0.012388360702967446
2012,CYP,Other civil engineering,0.06338231057332165
2012,CYP,Railways,0.0
2012,CYP,Roads,0.06381446269086719
2012,CZE,Buildings,0.583228573541374
2012,CZE,Electricity infrastructure,0.056001381101181864
2012,CZE,Other civil engineering,0.13083948002279502
2012,CZE,Railways,0.015755522786994946
2012,CZE,Roads,0.21417504254765418
2012,DEU,Buildings,0.7353103754675261
2012,DEU,Electricity infrastructure,0.01984791188808298
2012,DEU,Other civil engineering,0.09793771826503855
2012,DEU,Railways,0.022634949487497
2012,DEU,Roads,0.12426904489185535
2012,DNK,Buildings,0.7876942329752843
2012,DNK,Electricity infrastructure,0.020440087600375433
2012,DNK,Other civil engineering,0.12314109917613918
2012,DNK,Railways,0.016115947183163122
2012,DNK,Roads,0.052608633065037956
2012,ESP,Buildings,0.806537285918823
2012,ESP,Electricity infrastructure,0.03739339203678134
2012,ESP,Other civil engineering,0.04761974155424494
2012,ESP,Railways,0.029124599508343115
2012,ESP,Roads,0.07932498098180758
2012,EST,Buildings,0.6138772887889495
2012,EST,Electricity infrastructure,0.06986829424991968
2012,EST,Other civil engineering,0.14262769033087047
2012,EST,Railways,0.014730961553949625
2012,EST,Roads,0.15889576507631054
2012,FIN,Buildings,0.7700898937619176
2012,FIN,Electricity infrastructure,0.0819940070825388
2012,FIN,Other civil engineering,0.034186870062653564
2012,FIN,Railways,0.024851866331948826
2012,FIN,Roads,0.08887736276094138
2012,FRA,Buildings,0.7655076875716168
2012,FRA,Electricity infrastructure,0.039475002259972594
2012,FRA,Other civil engineering,0.06631370374080424
2012,FRA,Railways,0.011222461389955737
2012,FRA,Roads,0.11748114503765064
2012,GRC,Buildings,0.6981950663292267
2012,GRC,Electricity infrastructure,0.044330728369997505
2012,GRC,Other civil engineering,0.05987707539561134
2012,GRC,Railways,0.009182751290577211
2012,GRC,Roads,0.18841437861458732
2012,HRV,Buildings,0.512916510670161
2012,HRV,Electricity infrastructure,0.01123174840883564
2012,HRV,Other civil engineering,0.1377761138150506
2012,HRV,Railways,0.006775259445341489
2012,HRV,Roads,0.3313003676606113
2012,HUN,Buildings,0.5517884022650705
2012,HUN,Electricity infrastructure,0.10680237975772343
2012,HUN,Other civil engineering,0.14242706616013198
2012,HUN,Railways,0.05816170147523236
2012,HUN,Roads,0.14082045034184165
2012,IRL,Buildings,0.7018940095008945
2012,IRL,Electricity infrastructure,0.041581837250909984
2012,IRL,Other civil engineering,0.1108643346289098
2012,IRL,Railways,0.005357016096330993
2012,IRL,Roads,0.14030280252295455
2012,ITA,Buildings,0.8206977132365215
2012,ITA,Electricity infrastructure,0.02467944340753555
2012,ITA,Other civil engineering,0.05708562844266392
2012,ITA,Railways,0.026149387376214216
2012,ITA,Roads,0.0713878275370648
2012,LTU,Buildings,0.6159559834938103
2012,LTU,Electricity infrastructure,0.07166437414030262
2012,LTU,Other civil engineering,0.09862448418156793
2012,LTU,Railways,0.017346622784591342
2012,LTU,Roads,0.19640853539972783
2012,LUX,Buildings,0.7784213390971753
2012,LUX,Electricity infrastructure,0.006151626935932961
2012,LUX,Other civil engineering,0.0
2012,LUX,Railways,0.025137206822465764
2012,LUX,Roads,0.19028982714442577
2012,LVA,Buildings,0.5345246356696739
2012,LVA,Electricity infrastructure,0.08136710617626648
2012,LVA,Other civil engineering,0.11051353226925735
2012,LVA,Railways,0.026920763844350073
2012,LVA,Roads,0.24667396204045217
2012,MLT,Buildings,0.6876376586195513
2012,MLT,Electricity infrastructure,0.00018698508732006833
2012,MLT,Other civil engineering,0.0
2012,MLT,Railways,0.0
2012,MLT,Roads,0.31217535629312865
2012,NLD,Buildings,0.7113627063156459
2012,NLD,Electricity infrastructure,0.050854982851633534
2012,NLD,Other civil engineering,0.0975419523231109
2012,NLD,Railways,0.026373187087320657
2012,NLD,Roads,0.11386717142228898
2012,POL,Buildings,0.6264281189243508
2012,POL,Electricity infrastructure,0.05238438517159273
2012,POL,Other civil engineering,0.11063416126002135
2012,POL,Railways,0.029932640893504173
2012,POL,Roads,0.18062069375053108
2012,PRT,Buildings,0.560694987888951
2012,PRT,Electricity infrastructure,0.04092137134339481
2012,PRT,Other civil engineering,0.17558692006707655
2012,PRT,Railways,0.023865286921208716
2012,PRT,Roads,0.19893143377936884
2012,ROU,Buildings,0.5803420120166384
2012,ROU,Electricity infrastructure,0.04436912648282236
2012,ROU,Other civil engineering,0.08165151748574957
2012,ROU,Railways,0.013494134614826209
2012,ROU,Roads,0.28014320939996346
2012,SVK,Buildings,0.6801344286781178
2012,SVK,Electricity infrastructure,0.07953696788648244
2012,SVK,Other civil engineering,0.08715459297983597
2012,SVK,Railways,0.009032607692910343
2012,SVK,Roads,0.1441414027626535
2012,SVN,Buildings,0.6657764212132774
2012,SVN,Electricity infrastructure,0.07210988172453263
2012,SVN,Other civil engineering,0.08508202975963369
2012,SVN,Railways,0.020827254976771327
2012,SVN,Roads,0.15620441232578497
2012,SWE,Buildings,0.8456843589485344
2012,SWE,Electricity infrastructure,0.01896464900795649
2012,SWE,Other civil engineering,0.022540034243126218
2012,SWE,Railways,0.03911898668475751
2012,SWE,Roads,0.07369197111562518
2013,AUT,Buildings,0.7044829450621782
2013,AUT,Electricity infrastructure,0.011177977855614845
2013,AUT,Other civil engineering,0.05733562142974681
2013,AUT,Railways,0.014098039102331967
2013,AUT,Roads,0.2129054165501281
2013,BEL,Buildings,0.7597239390193654
2013,BEL,Electricity infrastructure,0.024011124845488258
2013,BEL,Other civil engineering,0.10605686032138452
2013,BEL,Railways,0.01789604822651592
2013,BEL,Roads,0.09231202758724592
2013,BGR,Buildings,0.5348890942698706
2013,BGR,Electricity infrastructure,0.05268022181146026
2013,BGR,Other civil engineering,0.1874999999999999
2013,BGR,Railways,0.02036409484037334
2013,BGR,Roads,0.2045665890782958
2013,CYP,Buildings,0.8406067677946324
2013,CYP,Electricity infrastructure,0.008168028004667444
2013,CYP,Other civil engineering,0.07957992998833141
2013,CYP,Railways,0.0
2013,CYP,Roads,0.07164527421236873
2013,CZE,Buildings,0.601913488748147
2013,CZE,Electricity infrastructure,0.029562590508075057
2013,CZE,Other civil engineering,0.1814773723220633
2013,CZE,Railways,0.017046348364874835
2013,CZE,Roads,0.1700002000568398
2013,DEU,Buildings,0.7507666011949993
2013,DEU,Electricity infrastructure,0.015948703879499756
2013,DEU,Other civil engineering,0.0938446112124075
2013,DEU,Railways,0.02181220400290273
2013,DEU,Roads,0.11762787971019051
2013,DNK,Buildings,0.7756670094984571
2013,DNK,Electricity infrastructure,0.019763244398733535
2013,DNK,Other civil engineering,0.13812087845604706
2013,DNK,Railways,0.015582291481572901
2013,DNK,Roads,0.050866576165189345
2013,ESP,Buildings,0.7565103328795942
2013,ESP,Electricity infrastructure,0.04753372107412449
2013,ESP,Other civil engineering,0.052909293404281514
2013,ESP,Railways,0.03926482425315708
2013,ESP,Roads,0.10378182838884267
2013,EST,Buildings,0.5519036771884154
2013,EST,Electricity infrastructure,0.0678490074845428
2013,EST,Other civil engineering,0.18630003254149036
2013,EST,Railways,0.01429525230876264
2013,EST,Roads,0.17965203047678896
2013,FIN,Buildings,0.7583053341020695
2013,FIN,Electricity infrastructure,0.08767569931807788
2013,FIN,Other civil engineering,0.040120081910177345
2013,FIN,Railways,0.02836425208474457
2013,FIN,Roads,0.08553463258493076
2013,FRA,Buildings,0.7585054017455596
2013,FRA,Electricity infrastructure,0.042828478516570956
2013,FRA,Other civil engineering,0.06504581352363828
2013,FRA,Railways,0.012663920609411511
2013,FRA,Roads,0.12095638560481985
2013,GRC,Buildings,0.5055688260857052
2013,GRC,Electricity infrastructure,0.0307364664575359
2013,GRC,Other civil engineering,0.103836302414597
2013,GRC,Railways,0.04221365794122393
2013,GRC,Roads,0.31764474710093793
2013,HRV,Buildings,0.45429729506162614
2013,HRV,Electricity infrastructure,0.03292249152121763
2013,HRV,Other civil engineering,0.15629320633870225
2013,HRV,Railways,0.00555934747445008
2013,HRV,Roads,0.35092765960400374
2013,HUN,Buildings,0.5249274264798688
2013,HUN,Electricity infrastructure,0.08670957970465733
2013,HUN,Other civil engineering,0.1416761327779881
2013,HUN,Railways,0.054781775548028745
2013,HUN,Roads,0.19190508548945706
2013,IRL,Buildings,0.8767300873145994
2013,IRL,Electricity infrastructure,0.021733328249513857
2013,IRL,Other civil engineering,0.011629237045792473
2013,IRL,Railways,0.0033109237969171025
2013,IRL,Roads,0.08659642359317707
2013,ITA,Buildings,0.8234044496463354
2013,ITA,Electricity infrastructure,0.027718110135004855
2013,ITA,Other civil engineering,0.055236639052293535
2013,ITA,Railways,0.022651126060897437
2013,ITA,Roads,0.07098967510546875
2013,LTU,Buildings,0.6444095629075103
2013,LTU,Electricity infrastructure,0.057715527650326004
2013,LTU,Other civil engineering,0.07449891330596473
2013,LTU,Railways,0.02186811466598851
2013,LTU,Roads,0.20150788147021045
2013,LUX,Buildings,0.7834045641480525
2013,LUX,Electricity infrastructure,0.005260356252933706
2013,LUX,Other civil engineering,0.006019162810626591
2013,LUX,Railways,0.013933872356669392
2013,LUX,Roads,0.19138204443171777
2013,LVA,Buildings,0.543373105449855
2013,LVA,Electricity infrastructure,0.07368590777168656
2013,LVA,Other civil engineering,0.10980328926152856
2013,LVA,Railways,0.026342281361071914
2013,LVA,Roads,0.24679541615585812
2013,MLT,Buildings,0.7340037605223803
2013,MLT,Electricity infrastructure,0.0002335360358009482
2013,MLT,Other civil engineering,0.0
2013,MLT,Railways,0.0
2013,MLT,Roads,0.2657627034418188
2013,NLD,Buildings,0.6876282564084728
2013,NLD,Electricity infrastructure,0.06010793664006246
2013,NLD,Other civil engineering,0.1091540103315751
2013,NLD,Railways,0.010022340727775417
2013,NLD,Roads,0.13308745589211418
2013,POL,Buildings,0.6840339695262981
2013,POL,Electricity infrastructure,0.048094069457440984
2013,POL,Other civil engineering,0.1016790550680626
2013,POL,Railways,0.028008867244610682
2013,POL,Roads,0.13818403870358756
2013,PRT,Buildings,0.5563566388710712
2013,PRT,Electricity infrastructure,0.048107761385503524
2013,PRT,Other civil engineering,0.18388710711994868
2013,PRT,Railways,0.007943911251283303
2013,PRT,Roads,0.2037045813721933
2013,ROU,Buildings,0.38437710163239514
2013,ROU,Electricity infrastructure,0.01997187633740243
2013,ROU,Other civil engineering,0.04253194481240706
2013,ROU,Railways,0.00765803631138546
2013,ROU,Roads,0.5454610409064098
2013,SVK,Buildings,0.596451058958214
2013,SVK,Electricity infrastructure,0.11368059530623927
2013,SVK,Other civil engineering,0.11791642816256448
2013,SVK,Railways,0.04724804942320683
2013,SVK,Roads,0.12470386814977541
2013,SVN,Buildings,0.6465353756382204
2013,SVN,Electricity infrastructure,0.05003646973012399
2013,SVN,Other civil engineering,0.09307075127644066
2013,SVN,Railways,0.023731127676563272
2013,SVN,Roads,0.18662627567865192
2013,SWE,Buildings,0.83087393904417
2013,SWE,Electricity infrastructure,0.017373307197086543
2013,SWE,Other civil engineering,0.02042806396083527
2013,SWE,Railways,0.038621216722469175
2013,SWE,Roads,0.0927034730754393
2014,AUT,Buildings,0.6945179249355277
2014,AUT,Electricity infrastructure,0.01103498655214778
2014,AUT,Other civil engineering,0.061660892760296224
2014,AUT,Railways,0.012005285169969942
2014,AUT,Roads,0.2207809105820583
2014,BEL,Buildings,0.7641974216007317
2014,BEL,Electricity infrastructure,0.02779006991769183
2014,BEL,Other civil engineering,0.1057812392443775
2014,BEL,Railways,0.011840060333163873
2014,BEL,Roads,0.09039120890403508
2014,BGR,Buildings,0.49752851711026613
2014,BGR,Electricity infrastructure,0.03564638783269962
2014,BGR,Other civil engineering,0.26378326996197726
2014,BGR,Railways,0.013339209532289058
2014,BGR,Roads,0.18970261556276796
2014,CYP,Buildings,0.8496789258610626
2014,CYP,Electricity infrastructure,0.008172796263864567
2014,CYP,Other civil engineering,0.08231173380035021
2014,CYP,Railways,0.0
2014,CYP,Roads,0.05983654407472271
2014,CZE,Buildings,0.5990588498921597
2014,CZE,Electricity infrastructure,0.03923746208554357
2014,CZE,Other civil engineering,0.16286641023439116
2014,CZE,Railways,0.024379777022274018
2014,CZE,Roads,0.17445750076563155
2014,DEU,Buildings,0.74233110730775
2014,DEU,Electricity infrastructure,0.01843167342343365
2014,DEU,Other civil engineering,0.10339215428127821
2014,DEU,Railways,0.019062157682538553
2014,DEU,Roads,0.11678290730499963
2014,DNK,Buildings,0.7810290078120435
2014,DNK,Electricity infrastructure,0.01983207028890924
2014,DNK,Other civil engineering,0.13917515731234525
2014,DNK,Railways,0.02283347220958729
2014,DNK,Roads,0.03713029237711471
2014,ESP,Buildings,0.7514965102334705
2014,ESP,Electricity infrastructure,0.05996577971570068
2014,ESP,Other civil engineering,0.05817448330883067
2014,ESP,Railways,0.036638361040192344
2014,ESP,Roads,0.09372486570180577
2014,EST,Buildings,0.595701813297515
2014,EST,Electricity infrastructure,0.06699126930826058
2014,EST,Other civil engineering,0.1185359301544662
2014,EST,Railways,0.014114257241274724
2014,EST,Roads,0.2046567299984835
2014,FIN,Buildings,0.7540795537709913
2014,FIN,Electricity infrastructure,0.08016694028522264
2014,FIN,Other civil engineering,0.04533496845145063
2014,FIN,Railways,0.030980763735758417
2014,FIN,Roads,0.089437773756577
2014,FRA,Buildings,0.702402651951716
2014,FRA,Electricity infrastructure,0.031159074081202436
2014,FRA,Other civil engineering,0.12948303697380442
2014,FRA,Railways,0.00863314246429028
2014,FRA,Roads,0.12832209452898702
2014,GRC,Buildings,0.5637333995283605
2014,GRC,Electricity infrastructure,0.04449546977783295
2014,GRC,Other civil engineering,0.2210500186173513
2014,GRC,Railways,0.010230478626304437
2014,GRC,Roads,0.16049063345015083
2014,HRV,Buildings,0.46830561581103874
2014,HRV,Electricity infrastructure,0.034064433196754236
2014,HRV,Other civil engineering,0.13351467364482558
2014,HRV,Railways,0.005019073137425434
2014,HRV,Roads,0.359096204209956
2014,HUN,Buildings,0.4744743146127228
2014,HUN,Electricity infrastructure,0.06207080117114718
2014,HUN,Other civil engineering,0.14117647058823538
2014,HUN,Railways,0.04142613396581016
2014,HUN,Roads,0.2808522796620844
2014,IRL,Buildings,0.8738434425025701
2014,IRL,Electricity infrastructure,0.026229989719488908
2014,IRL,Other civil engineering,0.03075341459832566
2014,IRL,Railways,0.0025507220663247045
2014,IRL,Roads,0.06662243111329051
2014,ITA,Buildings,0.8160205224554684
2014,ITA,Electricity infrastructure,0.032749214148932324
2014,ITA,Other civil engineering,0.05302959135744488
2014,ITA,Railways,0.0220045213437546
2014,ITA,Roads,0.0761961506943998
2014,LTU,Buildings,0.6451550199241907
2014,LTU,Electricity infrastructure,0.06297988142676643
2014,LTU,Other civil engineering,0.08591699873651486
2014,LTU,Railways,0.014803457400220559
2014,LTU,Roads,0.1911446425123073
2014,LUX,Buildings,0.7894335964547847
2014,LUX,Electricity infrastructure,0.004627288824200278
2014,LUX,Other civil engineering,0.017005062650328764
2014,LUX,Railways,0.029997276318815044
2014,LUX,Roads,0.15893677575187118
2014,LVA,Buildings,0.5884603611876339
2014,LVA,Electricity infrastructure,0.08310376492194674
2014,LVA,Other civil engineering,0.10223446587082947
2014,LVA,Railways,0.029978499858017933
2014,LVA,Roads,0.1962229081615719
2014,MLT,Buildings,0.7932203389830506
2014,MLT,Electricity infrastructure,0.00029055690072639216
2014,MLT,Other civil engineering,0.07210636909476431
2014,MLT,Railways,0.0
2014,MLT,Roads,0.1343827350214586
2014,NLD,Buildings,0.7038788772023851
2014,NLD,Electricity infrastructure,0.061351076652020754
2014,NLD,Other civil engineering,0.11012981634061016
2014,NLD,Railways,0.01851854824451725
2014,NLD,Roads,0.10612168156046693
2014,POL,Buildings,0.618609290100049
2014,POL,Electricity infrastructure,0.05644499392226735
2014,POL,Other civil engineering,0.1090875089607596
2014,POL,Railways,0.04159467604943398
2014,POL,Roads,0.17426353096749017
2014,PRT,Buildings,0.5843013875443692
2014,PRT,Electricity infrastructure,0.030789501989889213
2014,PRT,Other civil engineering,0.1658061740346348
2014,PRT,Railways,0.011429546257566515
2014,PRT,Roads,0.20767339017354028
2014,ROU,Buildings,0.5973877115820339
2014,ROU,Electricity infrastructure,0.02284419565507131
2014,ROU,Other civil engineering,0.03257363721178203
2014,ROU,Railways,0.011810248198105118
2014,ROU,Roads,0.33538420735300783
2014,SVK,Buildings,0.68441463158998
2014,SVK,Electricity infrastructure,0.043182056388219266
2014,SVK,Other civil engineering,0.08971805890367908
2014,SVK,Railways,0.02716857610474631
2014,SVK,Roads,0.15551667701337543
2014,SVN,Buildings,0.6341611144760751
2014,SVN,Electricity infrastructure,0.04579043004239855
2014,SVN,Other civil engineering,0.1067231980617807
2014,SVN,Railways,0.021369158585263587
2014,SVN,Roads,0.19195609883448206
2014,SWE,Buildings,0.8271614450404986
2014,SWE,Electricity infrastructure,0.02006144600360201
2014,SWE,Other civil engineering,0.02124606331442443
2014,SWE,Railways,0.03623589455107316
2014,SWE,Roads,0.09529515109040194
2015,AUT,Buildings,0.7423453630989145
2015,AUT,Electricity infrastructure,0.015088679078796435
2015,AUT,Other civil engineering,0.0629467043148328
2015,AUT,Railways,0.009574941688294284
2015,AUT,Roads,0.17004431181916183
2015,BEL,Buildings,0.7289768551610273
2015,BEL,Electricity infrastructure,0.030453735490430983
2015,BEL,Other civil engineering,0.1423523371354361
2015,BEL,Railways,0.01172120794079382
2015,BEL,Roads,0.08649586427231185
2015,BGR,Buildings,0.4553031420563505
2015,BGR,Electricity infrastructure,0.037468653193686384
2015,BGR,Other civil engineering,0.23108128042484144
2015,BGR,Railways,0.03194539626844181
2015,BGR,Roads,0.24420152805667988
2015,CYP,Buildings,0.893837705918243
2015,CYP,Electricity infrastructure,0.007321537522879805
2015,CYP,Other civil engineering,0.04087858450274549
2015,CYP,Railways,0.0
2015,CYP,Roads,0.057962172056131786
2015,CZE,Buildings,0.5607449082377222
2015,CZE,Electricity infrastructure,0.030132029578325174
2015,CZE,Other civil engineering,0.1647578480595948
2015,CZE,Railways,0.033702216205147364
2015,CZE,Roads,0.21066299791921062
2015,DEU,Buildings,0.7558120788056623
2015,DEU,Electricity infrastructure,0.01756682681456164
2015,DEU,Other civil engineering,0.10023323552488744
2015,DEU,Railways,0.015857418981848295
2015,DEU,Roads,0.11053043987304054
2015,DNK,Buildings,0.7754265848380575
2015,DNK,Electricity infrastructure,0.018500124161907123
2015,DNK,Other civil engineering,0.13258717939621828
2015,DNK,Railways,0.0366964157209211
2015,DNK,Roads,0.03678969588289599
2015,ESP,Buildings,0.7178073900164162
2015,ESP,Electricity infrastructure,0.04698777501627859
2015,ESP,Other civil engineering,0.05301314208677617
2015,ESP,Railways,0.04376544424574662
2015,ESP,Roads,0.13842624863478242
2015,EST,Buildings,0.5971712938711367
2015,EST,Electricity infrastructure,0.08294045748210231
2015,EST,Other civil engineering,0.10075082940457487
2015,EST,Railways,0.016663761234279074
2015,EST,Roads,0.20247365800790706
2015,FIN,Buildings,0.7534376024530886
2015,FIN,Electricity infrastructure,0.0869187896553719
2015,FIN,Other civil engineering,0.04665110986828147
2015,FIN,Railways,0.027491165002641836
2015,FIN,Roads,0.0855013330206162
2015,FRA,Buildings,0.7619363513661773
2015,FRA,Electricity infrastructure,0.03754213092543878
2015,FRA,Other civil engineering,0.05993881607315532
2015,FRA,Railways,0.006822013820478362
2015,FRA,Roads,0.1337606878147501
2015,GRC,Buildings,0.5278567509601476
2015,GRC,Electricity infrastructure,0.0621477380417976
2015,GRC,Other civil engineering,0.14105441667913607
2015,GRC,Railways,0.03067750108252645
2015,GRC,Roads,0.23826359323639223
2015,HRV,Buildings,0.5093859845935231
2015,HRV,Electricity infrastructure,0.04823872560017949
2015,HRV,Other civil engineering,0.1217774073955363
2015,HRV,Railways,0.004337814811969081
2015,HRV,Roads,0.3162600675987919
2015,HUN,Buildings,0.4802341897711326
2015,HUN,Electricity infrastructure,0.06474089127594715
2015,HUN,Other civil engineering,0.14961049015338465
2015,HUN,Railways,0.049484487145202455
2015,HUN,Roads,0.25592994165433297
2015,IRL,Buildings,0.8318417619755484
2015,IRL,Electricity infrastructure,0.035585353274883956
2015,IRL,Other civil engineering,0.06122015593240903
2015,IRL,Railways,0.0026345622947873955
2015,IRL,Roads,0.06871816652237123
2015,ITA,Buildings,0.7863950212533439
2015,ITA,Electricity infrastructure,0.045437449882556644
2015,ITA,Other civil engineering,0.05630894343559079
2015,ITA,Railways,0.025298515723242418
2015,ITA,Roads,0.08656006970526617
2015,LTU,Buildings,0.6694708011346964
2015,LTU,Electricity infrastructure,0.0571260882324171
2015,LTU,Other civil engineering,0.08784114252176459
2015,LTU,Railways,0.010814341278807219
2015,LTU,Roads,0.1747476268323148
2015,LUX,Buildings,0.8078909042764465
2015,LUX,Electricity infrastructure,0.0051157462578565885
2015,LUX,Other civil engineering,0.030063182761327432
2015,LUX,Railways,0.0052023764223623065
2015,LUX,Roads,0.15172779028200714
2015,LVA,Buildings,0.5423620025673941
2015,LVA,Electricity infrastructure,0.09563543003851092
2015,LVA,Other civil engineering,0.10125160462130942
2015,LVA,Railways,0.030086649550706033
2015,LVA,Roads,0.23066431322207956
2015,MLT,Buildings,0.8300625404356264
2015,MLT,Electricity infrastructure,0.0003019193444037093
2015,MLT,Other civil engineering,0.06437844955122145
2015,MLT,Railways,0.0
2015,MLT,Roads,0.10525709066874843
2015,NLD,Buildings,0.7303378071711079
2015,NLD,Electricity infrastructure,0.04099910175865412
2015,NLD,Other civil engineering,0.09971577813028154
2015,NLD,Railways,0.02161230918558915
2015,NLD,Roads,0.10733500375436715
2015,POL,Buildings,0.5665565041769944
2015,POL,Electricity infrastructure,0.0717203708803819
2015,POL,Other civil engineering,0.11557881208115303
2015,POL,Railways,0.04222606247661483
2015,POL,Roads,0.20391825038485584
2015,PRT,Buildings,0.6317491451745435
2015,PRT,Electricity infrastructure,0.02931587457258727
2015,PRT,Other civil engineering,0.14156969809420306
2015,PRT,Railways,0.011399546469509168
2015,PRT,Roads,0.185965735689157
2015,ROU,Buildings,0.6424797201756345
2015,ROU,Electricity infrastructure,0.028577807546327307
2015,ROU,Other civil engineering,0.08856143484408731
2015,ROU,Railways,0.015066294994682134
2015,ROU,Roads,0.22531474243926894
2015,SVK,Buildings,0.6267383059418459
2015,SVK,Electricity infrastructure,0.036188369152970926
2015,SVK,Other civil engineering,0.07530025284450048
2015,SVK,Railways,0.004589223803568319
2015,SVK,Roads,0.2571838482571144
2015,SVN,Buildings,0.642212189616253
2015,SVN,Electricity infrastructure,0.05216955104088289
2015,SVN,Other civil engineering,0.11401638658974991
2015,SVN,Railways,0.022146847907394327
2015,SVN,Roads,0.16945502484572003
2015,SWE,Buildings,0.8340823559501627
2015,SWE,Electricity infrastructure,0.01729146114216815
2015,SWE,Other civil engineering,0.02038803025320608
2015,SWE,Railways,0.03319546612132693
2015,SWE,Roads,0.09504268653313616
2016,AUT,Buildings,0.768381311939594
2016,AUT,Electricity infrastructure,0.018866341565728067
2016,AUT,Other civil engineering,0.0548057259713703
2016,AUT,Railways,0.009873115711487829
2016,AUT,Roads,0.1480735048118198
2016,BEL,Buildings,0.7881285058643549
2016,BEL,Electricity infrastructure,0.03045385007649159
2016,BEL,Other civil engineering,0.09192248852626214
2016,BEL,Railways,0.008775052961858112
2016,BEL,Roads,0.08072010257103326
2016,BGR,Buildings,0.5825096488750826
2016,BGR,Electricity infrastructure,0.04697354796196932
2016,BGR,Other civil engineering,0.14393297561893997
2016,BGR,Railways,0.02273678546289357
2016,BGR,Roads,0.20384704208111473
2016,CYP,Buildings,0.8989463601532565
2016,CYP,Electricity infrastructure,0.0038314176245210726
2016,CYP,Other civil engineering,0.02179118773946365
2016,CYP,Railways,0.0
2016,CYP,Roads,0.07543103448275862
2016,CZE,Buildings,0.5654065957112148
2016,CZE,Electricity infrastructure,0.06288042018415307
2016,CZE,Other civil engineering,0.15976932245290013
2016,CZE,Railways,0.03289014138521764
2016,CZE,Roads,0.17905352026651422
2016,DEU,Buildings,0.7506815077450666
2016,DEU,Electricity infrastructure,0.02002189349685644
2016,DEU,Other civil engineering,0.10569521539907208
2016,DEU,Railways,0.017630689472451756
2016,DEU,Roads,0.10597069388655314
2016,DNK,Buildings,0.7629334022683942
2016,DNK,Electricity infrastructure,0.017513813939961865
2016,DNK,Other civil engineering,0.13103047145119073
2016,DNK,Railways,0.04073049746994255
2016,DNK,Roads,0.047791814870510464
2016,ESP,Buildings,0.766795761055004
2016,ESP,Electricity infrastructure,0.037466429232614805
2016,ESP,Other civil engineering,0.04322378989576975
2016,ESP,Railways,0.04954179834054679
2016,ESP,Roads,0.10297222147606444
2016,EST,Buildings,0.6593311133632547
2016,EST,Electricity infrastructure,0.06167656001158245
2016,EST,Other civil engineering,0.08990878818589833
2016,EST,Railways,0.015435390893001184
2016,EST,Roads,0.17364814754626332
2016,FIN,Buildings,0.7594402409976181
2016,FIN,Electricity infrastructure,0.07716827798795012
2016,FIN,Other civil engineering,0.0480418943533697
2016,FIN,Railways,0.025821275196726154
2016,FIN,Roads,0.08952831146433592
2016,FRA,Buildings,0.7731404387848647
2016,FRA,Electricity infrastructure,0.037529040927300354
2016,FRA,Other civil engineering,0.0469627899383392
2016,FRA,Railways,0.007906939073708553
2016,FRA,Roads,0.1344607912757872
2016,GRC,Buildings,0.35071853320118923
2016,GRC,Electricity infrastructure,0.029236868186323095
2016,GRC,Other civil engineering,0.14829038652130824
2016,GRC,Railways,0.12057318561331722
2016,GRC,Roads,0.3511810264778622
2016,HRV,Buildings,0.5487283192035467
2016,HRV,Electricity infrastructure,0.05483394259936221
2016,HRV,Other civil engineering,0.1268347426082511
2016,HRV,Railways,0.004193383103695399
2016,HRV,Roads,0.2654096124851445
2016,HUN,Buildings,0.6314025546983686
2016,HUN,Electricity infrastructure,0.07196155305425574
2016,HUN,Other civil engineering,0.11831288731503742
2016,HUN,Railways,0.04786766417296129
2016,HUN,Roads,0.13045534075937718
2016,IRL,Buildings,0.8525949338097201
2016,IRL,Electricity infrastructure,0.03655352480417755
2016,IRL,Other civil engineering,0.05929641335715282
2016,IRL,Railways,0.00199201046661995
2016,IRL,Roads,0.04956311756232971
2016,ITA,Buildings,0.7820678720484618
2016,ITA,Electricity infrastructure,0.05100002132999638
2016,ITA,Other civil engineering,0.058597055038500497
2016,ITA,Railways,0.02627525136268088
2016,ITA,Roads,0.08205980022036037
2016,LTU,Buildings,0.6930580547400322
2016,LTU,Electricity infrastructure,0.05616062127095369
2016,LTU,Other civil engineering,0.0661994507055592
2016,LTU,Railways,0.006155986245027875
2016,LTU,Roads,0.17842588703842702
2016,LUX,Buildings,0.8150145419292293
2016,LUX,Electricity infrastructure,0.00491814660900508
2016,LUX,Other civil engineering,0.011679594580128903
2016,LUX,Railways,0.029512292742034235
2016,LUX,Roads,0.13887542413960252
2016,LVA,Buildings,0.5594713656387665
2016,LVA,Electricity infrastructure,0.09985315712187957
2016,LVA,Other civil engineering,0.08278267254038174
2016,LVA,Railways,0.020234983875499813
2016,LVA,Roads,0.23765782082347228
2016,MLT,Buildings,0.8128128054733081
2016,MLT,Electricity infrastructure,0.0002948980700129916
2016,MLT,Other civil engineering,0.0
2016,MLT,Railways,0.0
2016,MLT,Roads,0.18689229645667882
2016,NLD,Buildings,0.7431065228731213
2016,NLD,Electricity infrastructure,0.04617914184565395
2016,NLD,Other civil engineering,0.10953896352795324
2016,NLD,Railways,0.01505797939812473
2016,NLD,Roads,0.08611739235514686
2016,POL,Buildings,0.6338468890810613
2016,POL,Electricity infrastructure,0.05988575849984069
2016,POL,Other civil engineering,0.09366892722224765
2016,POL,Railways,0.03189340874052647
2016,POL,Roads,0.1807050164563239
2016,PRT,Buildings,0.6680680246277361
2016,PRT,Electricity infrastructure,0.03195096151238168
2016,PRT,Other civil engineering,0.13032629037945156
2016,PRT,Railways,0.01132919689351791
2016,PRT,Roads,0.1583255265869128
2016,ROU,Buildings,0.7556534885965195
2016,ROU,Electricity infrastructure,0.02045871264515714
2016,ROU,Other civil engineering,0.0557467751793354
2016,ROU,Railways,0.0167023152088631
2016,ROU,Roads,0.1514387083701249
2016,SVK,Buildings,0.6127017178552837
2016,SVK,Electricity infrastructure,0.05101509630400833
2016,SVK,Other civil engineering,0.09205275030366127
2016,SVK,Railways,0.02254260513537676
2016,SVK,Roads,0.22168783040166992
2016,SVN,Buildings,0.685779203421545
2016,SVN,Electricity infrastructure,0.03434910451750869
2016,SVN,Other civil engineering,0.09427069411030928
2016,SVN,Railways,0.023621945193717447
2016,SVN,Roads,0.16197905275691962
2016,SWE,Buildings,0.8423294462677187
2016,SWE,Electricity infrastructure,0.016732420920326792
2016,SWE,Other civil engineering,0.021602890859576875
2016,SWE,Railways,0.030496480425659132
2016,SWE,Roads,0.08883876152671849
2017,AUT,Buildings,0.7739767244984345
2017,AUT,Electricity infrastructure,0.011627551176524586
2017,AUT,Other civil engineering,0.05672001060759045
2017,AUT,Railways,0.00888591274219578
2017,AUT,Roads,0.14878980097525477
2017,BEL,Buildings,0.7408098559652143
2017,BEL,Electricity infrastructure,0.055521333454117215
2017,BEL,Other civil engineering,0.10975631850711111
2017,BEL,Railways,0.00750177476523835
2017,BEL,Roads,0.08641071730831903
2017,BGR,Buildings,0.6100411522633745
2017,BGR,Electricity infrastructure,0.03736625514403292
2017,BGR,Other civil engineering,0.13637860082304526
2017,BGR,Railways,0.012100865382987009
2017,BGR,Roads,0.20411312638656032
2017,CYP,Buildings,0.9159235668789808
2017,CYP,Electricity infrastructure,0.0034576888080072787
2017,CYP,Other civil engineering,0.021838034576888023
2017,CYP,Railways,0.0
2017,CYP,Roads,0.05878070973612374
2017,CZE,Buildings,0.5898508769795898
2017,CZE,Electricity infrastructure,0.04819459151777149
2017,CZE,Other civil engineering,0.1436281733220709
2017,CZE,Railways,0.02113184791416209
2017,CZE,Roads,0.1971945102664057
2017,DEU,Buildings,0.7433274850240854
2017,DEU,Electricity infrastructure,0.01968869283831178
2017,DEU,Other civil engineering,0.11013085822554528
2017,DEU,Railways,0.017251186467828347
2017,DEU,Roads,0.10960177744422933
2017,DNK,Buildings,0.7828991735018742
2017,DNK,Electricity infrastructure,0.018411931684519236
2017,DNK,Other civil engineering,0.12860122641657384
2017,DNK,Railways,0.022211937736104595
2017,DNK,Roads,0.04787573066092816
2017,ESP,Buildings,0.7787315772969582
2017,ESP,Electricity infrastructure,0.04313656318595171
2017,ESP,Other civil engineering,0.0446299780495454
2017,ESP,Railways,0.027405264199203166
2017,ESP,Roads,0.1060966172683415
2017,EST,Buildings,0.6723192655871479
2017,EST,Electricity infrastructure,0.05457095499171236
2017,EST,Other civil engineering,0.086446512813974
2017,EST,Railways,0.013426198645627137
2017,EST,Roads,0.1732370679615385
2017,FIN,Buildings,0.7765878586186773
2017,FIN,Electricity infrastructure,0.07816664826585494
2017,FIN,Other civil engineering,0.04599151459710106
2017,FIN,Railways,0.023481918160849664
2017,FIN,Roads,0.07577206035751699
2017,FRA,Buildings,0.699155381377159
2017,FRA,Electricity infrastructure,0.030607890391303537
2017,FRA,Other civil engineering,0.04660142535834967
2017,FRA,Railways,0.013913409727537117
2017,FRA,Roads,0.20972189314565046
2017,GRC,Buildings,0.3490138290637044
2017,GRC,Electricity infrastructure,0.05565631376105192
2017,GRC,Other civil engineering,0.17836091589208794
2017,GRC,Railways,0.032087593608516464
2017,GRC,Roads,0.38488134767463933
2017,HRV,Buildings,0.5387308846648564
2017,HRV,Electricity infrastructure,0.05216521366299843
2017,HRV,Other civil engineering,0.10919986116498902
2017,HRV,Railways,0.0034888641704680684
2017,HRV,Roads,0.29641517633668807
2017,HUN,Buildings,0.594694498804088
2017,HUN,Electricity infrastructure,0.06949336812350512
2017,HUN,Other civil engineering,0.09993476842791901
2017,HUN,Railways,0.05442623107745957
2017,HUN,Roads,0.18145113356702838
2017,IRL,Buildings,0.885056289518326
2017,IRL,Electricity infrastructure,0.030620812556760732
2017,IRL,Other civil engineering,0.03903425349988859
2017,IRL,Railways,0.001482558897779443
2017,IRL,Roads,0.04380608552724496
2017,ITA,Buildings,0.7786088757980184
2017,ITA,Electricity infrastructure,0.045566328903420376
2017,ITA,Other civil engineering,0.06174161816311283
2017,ITA,Railways,0.027071013619932107
2017,ITA,Roads,0.0870121635155161
2017,LTU,Buildings,0.7050307636626857
2017,LTU,Electricity infrastructure,0.06333695258776693
2017,LTU,Other civil engineering,0.0771806007962358
2017,LTU,Railways,0.009448588720947592
2017,LTU,Roads,0.14500309423236404
2017,LUX,Buildings,0.8092593641978806
2017,LUX,Electricity infrastructure,0.00333551902964103
2017,LUX,Other civil engineering,0.049805899836293605
2017,LUX,Railways,0.007718784001408327
2017,LUX,Roads,0.12988043293477644
2017,LVA,Buildings,0.5554899645808736
2017,LVA,Electricity infrastructure,0.09902597402597402
2017,LVA,Other civil engineering,0.08618654073199532
2017,LVA,Railways,0.01603050318937682
2017,LVA,Roads,0.24326701747178017
2017,MLT,Buildings,0.8436119147684479
2017,MLT,Electricity infrastructure,0.0002835140863672902
2017,MLT,Other civil engineering,0.0
2017,MLT,Railways,0.0
2017,MLT,Roads,0.15610457114518483
2017,NLD,Buildings,0.7467646504172363
2017,NLD,Electricity infrastructure,0.047000132189552915
2017,NLD,Other civil engineering,0.08002924083523134
2017,NLD,Railways,0.016903711457697104
2017,NLD,Roads,0.10930226510028232
2017,POL,Buildings,0.6446801172615968
2017,POL,Electricity infrastructure,0.055718418884482
2017,POL,Other civil engineering,0.08771627292061848
2017,POL,Railways,0.028136377584197833
2017,POL,Roads,0.18374881334910484
2017,PRT,Buildings,0.7107027079727983
2017,PRT,Electricity infrastructure,0.028859044044166036
2017,PRT,Other civil engineering,0.11765422770370743
2017,PRT,Railways,0.007576950635486574
2017,PRT,Roads,0.1352070696438417
2017,ROU,Buildings,0.7600985980588507
2017,ROU,Electricity infrastructure,0.029702665228778312
2017,ROU,Other civil engineering,0.047573563395470614
2017,ROU,Railways,0.012567343266703949
2017,ROU,Roads,0.15005783005019638
2017,SVK,Buildings,0.6066730611126336
2017,SVK,Electricity infrastructure,0.04590298711975884
2017,SVK,Other civil engineering,0.06748424225815285
2017,SVK,Railways,0.017885036996437384
2017,SVK,Roads,0.2620546725130173
2017,SVN,Buildings,0.6918085969180857
2017,SVN,Electricity infrastructure,0.03336809176225234
2017,SVN,Other civil engineering,0.08660641872320733
2017,SVN,Railways,0.02044565872400966
2017,SVN,Roads,0.16777123387244494
2017,SWE,Buildings,0.8340967166481847
2017,SWE,Electricity infrastructure,0.02322292399916429
2017,SWE,Other civil engineering,0.0199202867107019
2017,SWE,Railways,0.03505497112928866
2017,SWE,Roads,0.08770510151266042
2018,AUT,Buildings,0.7658561710743654
2018,AUT,Electricity infrastructure,0.009955064561391044
2018,AUT,Other civil engineering,0.045690282933413956
2018,AUT,Railways,0.008630977633287793
2018,AUT,Roads,0.16986750379754179
2018,BEL,Buildings,0.7371582819488183
2018,BEL,Electricity infrastructure,0.038558234313388194
2018,BEL,Other civil engineering,0.11408685526768476
2018,BEL,Railways,0.005358722661583676
2018,BEL,Roads,0.10483790580852506
2018,BGR,Buildings,0.6136490250696377
2018,BGR,Electricity infrastructure,0.03816155988857939
2018,BGR,Other civil engineering,0.11378830083565471
2018,BGR,Railways,0.00628133704735376
2018,BGR,Roads,0.2281197771587744
2018,CYP,Buildings,0.9283397683397683
2018,CYP,Electricity infrastructure,0.003397683397683398
2018,CYP,Other civil engineering,0.02100386100386104
2018,CYP,Railways,0.0
2018,CYP,Roads,0.04725868725868726
2018,CZE,Buildings,0.601994174798563
2018,CZE,Electricity infrastructure,0.04016880616035242
2018,CZE,Other civil engineering,0.14059305770192693
2018,CZE,Railways,0.021103409337394383
2018,CZE,Roads,0.19614055200176322
2018,DEU,Buildings,0.7296121987069645
2018,DEU,Electricity infrastructure,0.019839143766235186
2018,DEU,Other civil engineering,0.1094191024978171
2018,DEU,Railways,0.017324401285290163
2018,DEU,Roads,0.12380515374369304
2018,DNK,Buildings,0.778723967525591
2018,DNK,Electricity infrastructure,0.01670784798211554
2018,DNK,Other civil engineering,0.122029062242617
2018,DNK,Railways,0.03808530274123
2018,DNK,Roads,0.044453819508446415
2018,ESP,Buildings,0.8168726700662551
2018,ESP,Electricity infrastructure,0.04422041971581952
2018,ESP,Other civil engineering,0.04231445407698481
2018,ESP,Railways,0.022252559290753423
2018,ESP,Roads,0.0743398968501872
2018,EST,Buildings,0.6673320807891029
2018,EST,Electricity infrastructure,0.06106153123532175
2018,EST,Other civil engineering,0.10310004697040862
2018,EST,Railways,0.012010430577702548
2018,EST,Roads,0.15649591042746425
2018,FIN,Buildings,0.8092492933680396
2018,FIN,Electricity infrastructure,0.06724581210775939
2018,FIN,Other civil engineering,0.043340093578831396
2018,FIN,Railways,0.026959882101372772
2018,FIN,Roads,0.053204918843997015
2018,FRA,Buildings,0.7084310450226841
2018,FRA,Electricity infrastructure,0.031273192683021575
2018,FRA,Other civil engineering,0.043634445491700244
2018,FRA,Railways,0.003861015241243337
2018,FRA,Roads,0.21280030156135077
2018,GRC,Buildings,0.44309637730690365
2018,GRC,Electricity infrastructure,0.08467190704032808
2018,GRC,Other civil engineering,0.2510252904989747
2018,GRC,Railways,0.016844865000114933
2018,GRC,Roads,0.20436156015367865
2018,HRV,Buildings,0.6220811607345273
2018,HRV,Electricity infrastructure,0.04904405652535329
2018,HRV,Other civil engineering,0.1284343254418067
2018,HRV,Railways,0.0034244601827887063
2018,HRV,Roads,0.19701599711552398
2018,HUN,Buildings,0.5747415237105066
2018,HUN,Electricity infrastructure,0.06662623462138277
2018,HUN,Other civil engineering,0.08993242072431124
2018,HUN,Railways,0.04623914593185764
2018,HUN,Roads,0.2224606750119418
2018,IRL,Buildings,0.8683465840183265
2018,IRL,Electricity infrastructure,0.03812004970878438
2018,IRL,Other civil engineering,0.0401862582161732
2018,IRL,Railways,0.0012854724832943598
2018,IRL,Roads,0.052061635573421555
2018,ITA,Buildings,0.8007135070855217
2018,ITA,Electricity infrastructure,0.035565638404802015
2018,ITA,Other civil engineering,0.057310616249274665
2018,ITA,Railways,0.03107901708201002
2018,ITA,Roads,0.07533122117839175
2018,LTU,Buildings,0.7162031047865458
2018,LTU,Electricity infrastructure,0.06516817593790426
2018,LTU,Other civil engineering,0.0921733505821477
2018,LTU,Railways,0.0016928429543962827
2018,LTU,Roads,0.12476252573900605
2018,LUX,Buildings,0.8071065989847717
2018,LUX,Electricity infrastructure,0.004894096723302645
2018,LUX,Other civil engineering,0.059870805519824655
2018,LUX,Railways,0.0043570331710642155
2018,LUX,Roads,0.12377146560103683
2018,LVA,Buildings,0.6070367831848299
2018,LVA,Electricity infrastructure,0.0903586931688371
2018,LVA,Other civil engineering,0.08807402330363254
2018,LVA,Railways,0.007163584369967153
2018,LVA,Roads,0.20736691597273335
2018,MLT,Buildings,0.8758193709044894
2018,MLT,Electricity infrastructure,0.00029389911775318435
2018,MLT,Other civil engineering,0.0
2018,MLT,Railways,0.0
2018,MLT,Roads,0.12388672997775745
2018,NLD,Buildings,0.7579342057199336
2018,NLD,Electricity infrastructure,0.02738410921194595
2018,NLD,Other civil engineering,0.080368304111885
2018,NLD,Railways,0.01996272772569367
2018,NLD,Roads,0.11435065323054157
2018,POL,Buildings,0.653820587490504
2018,POL,Electricity infrastructure,0.04679190934413776
2018,POL,Other civil engineering,0.09119397315776157
2018,POL,Railways,0.02908586080988486
2018,POL,Roads,0.17910766919771204
2018,PRT,Buildings,0.7148181467677677
2018,PRT,Electricity infrastructure,0.0302446129460652
2018,PRT,Other civil engineering,0.11281754701623609
2018,PRT,Railways,0.007621397839416407
2018,PRT,Roads,0.13449829543051464
2018,ROU,Buildings,0.8175856787287
2018,ROU,Electricity infrastructure,0.019481141106643694
2018,ROU,Other civil engineering,0.04561554662071596
2018,ROU,Railways,0.008077366799395011
2018,ROU,Roads,0.10924026674454526
2018,SVK,Buildings,0.6240046991254404
2018,SVK,Electricity infrastructure,0.03485184701736066
2018,SVK,Other civil engineering,0.07290170995953542
2018,SVK,Railways,0.02421578807433124
2018,SVK,Roads,0.24402595582333225
2018,SVN,Buildings,0.7150821878304335
2018,SVN,Electricity infrastructure,0.035951167932327215
2018,SVN,Other civil engineering,0.08244416674677178
2018,SVN,Railways,0.016952550064474582
2018,SVN,Roads,0.1495699274259929
2018,SWE,Buildings,0.8382498121325538
2018,SWE,Electricity infrastructure,0.021269541898124276
2018,SWE,Other civil engineering,0.01965609206241592
2018,SWE,Railways,0.03206164736702969
2018,SWE,Roads,0.08876290653987648
2019,AUT,Buildings,0.7611194922748793
2019,AUT,Electricity infrastructure,0.013317380221609531
2019,AUT,Other civil engineering,0.044053130798175494
2019,AUT,Railways,0.008516400545234974
2019,AUT,Roads,0.1729935961601007
2019,BEL,Buildings,0.717328098820592
2019,BEL,Electricity infrastructure,0.06126186799829167
2019,BEL,Other civil engineering,0.11862249088340611
2019,BEL,Railways,0.007150512910515336
2019,BEL,Roads,0.09563702938719484
2019,BGR,Buildings,0.6090881551045139
2019,BGR,Electricity infrastructure,0.04041199636473796
2019,BGR,Other civil engineering,0.11481369282035739
2019,BGR,Railways,0.00668613207689052
2019,BGR,Roads,0.22900002363350028
2019,CYP,Buildings,0.9273927392739275
2019,CYP,Electricity infrastructure,0.003808073115003808
2019,CYP,Other civil engineering,0.022975374460522807
2019,CYP,Railways,0.0
2019,CYP,Roads,0.045823813150545824
2019,CZE,Buildings,0.5957496091261799
2019,CZE,Electricity infrastructure,0.03053294787621574
2019,CZE,Other civil engineering,0.13146027145670353
2019,CZE,Railways,0.024253236384383974
2019,CZE,Roads,0.2180039351565168
2019,DEU,Buildings,0.7201937258634636
2019,DEU,Electricity infrastructure,0.02201148976485617
2019,DEU,Other civil engineering,0.11743193883519899
2019,DEU,Railways,0.014138921011930537
2019,DEU,Roads,0.12622392452455072
2019,DNK,Buildings,0.7822583899387989
2019,DNK,Electricity infrastructure,0.017499495594861792
2019,DNK,Other civil engineering,0.11813840876992389
2019,DNK,Railways,0.03738889423647345
2019,DNK,Roads,0.044714811459941925
2019,ESP,Buildings,0.7896390359645847
2019,ESP,Electricity infrastructure,0.036014801377193456
2019,ESP,Other civil engineering,0.06023809000718732
2019,ESP,Railways,0.01150644349994755
2019,ESP,Roads,0.1026016291510871
2019,EST,Buildings,0.6856784706988405
2019,EST,Electricity infrastructure,0.0543194400919252
2019,EST,Other civil engineering,0.11010132664786382
2019,EST,Railways,0.01068430239211479
2019,EST,Roads,0.13921646016925573
2019,FIN,Buildings,0.8110585830192294
2019,FIN,Electricity infrastructure,0.06362997508464831
2019,FIN,Other civil engineering,0.04732319683127847
2019,FIN,Railways,0.026790247700296897
2019,FIN,Roads,0.0511979973645469
2019,FRA,Buildings,0.7353407195497496
2019,FRA,Electricity infrastructure,0.03865934804347436
2019,FRA,Other civil engineering,0.040126518610999
2019,FRA,Railways,0.003560079548656396
2019,FRA,Roads,0.18231333424712054
2019,GRC,Buildings,0.4686062246278755
2019,GRC,Electricity infrastructure,0.1433017591339648
2019,GRC,Other civil engineering,0.1299729364005413
2019,GRC,Railways,0.007330228930439861
2019,GRC,Roads,0.2507888509071785
2019,HRV,Buildings,0.6167245061398826
2019,HRV,Electricity infrastructure,0.06213294180459157
2019,HRV,Other civil engineering,0.1111518953550453
2019,HRV,Railways,0.0026799815128860658
2019,HRV,Roads,0.20731067518759447
2019,HUN,Buildings,0.6012212084777329
2019,HUN,Electricity infrastructure,0.03866374331046515
2019,HUN,Other civil engineering,0.09807388547044833
2019,HUN,Railways,0.03800259695743072
2019,HUN,Roads,0.22403856578392295
2019,IRL,Buildings,0.8550568477372373
2019,IRL,Electricity infrastructure,0.05387530653191648
2019,IRL,Other civil engineering,0.04155829679720573
2019,IRL,Railways,0.0016069559932093513
2019,IRL,Roads,0.04790259294043114
2019,ITA,Buildings,0.7964627757199585
2019,ITA,Electricity infrastructure,0.03676043648012813
2019,ITA,Other civil engineering,0.05762672272833452
2019,ITA,Railways,0.031784809992855885
2019,ITA,Roads,0.07736525507872283
2019,LTU,Buildings,0.7139720412793678
2019,LTU,Electricity infrastructure,0.056063822001024666
2019,LTU,Other civil engineering,0.10517455902803181
2019,LTU,Railways,0.005429005866010134
2019,LTU,Roads,0.11936057182556567
2019,LUX,Buildings,0.8276927397837384
2019,LUX,Electricity infrastructure,0.004385357444208094
2019,LUX,Other civil engineering,0.056669919011702964
2019,LUX,Railways,0.0039636815556041835
2019,LUX,Roads,0.10728830220474653
2019,LVA,Buildings,0.5876530069185737
2019,LVA,Electricity infrastructure,0.10856838744012773
2019,LVA,Other civil engineering,0.07802022352315063
2019,LVA,Railways,0.007555807920789941
2019,LVA,Roads,0.218202574197358
2019,MLT,Buildings,0.87528429071497
2019,MLT,Electricity infrastructure,0.0015047867462148483
2019,MLT,Other civil engineering,0.0
2019,MLT,Railways,0.0
2019,MLT,Roads,0.12321092253881501
2019,NLD,Buildings,0.772434752371017
2019,NLD,Electricity infrastructure,0.03724759935652814
2019,NLD,Other civil engineering,0.06101352178321615
2019,NLD,Railways,0.02203068182399062
2019,NLD,Roads,0.10727344466524805
2019,POL,Buildings,0.6892719541082793
2019,POL,Electricity infrastructure,0.03683324295784697
2019,POL,Other civil engineering,0.07909472302291731
2019,POL,Railways,0.030344761063625186
2019,POL,Roads,0.1644553188473312
2019,PRT,Buildings,0.7278069962005653
2019,PRT,Electricity infrastructure,0.027419566153212675
2019,PRT,Other civil engineering,0.11660334275393498
2019,PRT,Railways,0.009864319277056272
2019,PRT,Roads,0.11830577561523066
2019,ROU,Buildings,0.7946150889331517
2019,ROU,Electricity infrastructure,0.01991823042247615
2019,ROU,Other civil engineering,0.030593703043645188
2019,ROU,Railways,0.008455657714808386
2019,ROU,Roads,0.14641731988591844
2019,SVK,Buildings,0.6201497192763568
2019,SVK,Electricity infrastructure,0.04323144104803493
2019,SVK,Other civil engineering,0.0936369307548346
2019,SVK,Railways,0.023763325054830368
2019,SVK,Roads,0.21921858386594312
2019,SVN,Buildings,0.7255446210783076
2019,SVN,Electricity infrastructure,0.036840777188998225
2019,SVN,Other civil engineering,0.09191970168503102
2019,SVN,Railways,0.014832232407411891
2019,SVN,Roads,0.1308626676402512
2019,SWE,Buildings,0.8493876764322144
2019,SWE,Electricity infrastructure,0.022395030245522477
2019,SWE,Other civil engineering,0.02280275174949587
2019,SWE,Railways,0.030626284390548954
2019,SWE,Roads,0.07478825718221821
2020,AUT,Buildings,0.7491231323727433
2020,AUT,Electricity infrastructure,0.011175526725312648
2020,AUT,Other civil engineering,0.042017077752961214
2020,AUT,Railways,0.008415137416346958
2020,AUT,Roads,0.18926912573263585
2020,BEL,Buildings,0.762950445763375
2020,BEL,Electricity infrastructure,0.06025089277538687
2020,BEL,Other civil engineering,0.08193555368722481
2020,BEL,Railways,0.007142086671933258
2020,BEL,Roads,0.08772102110208012
2020,BGR,Buildings,0.49478994766372764
2020,BGR,Electricity infrastructure,0.04276486397284172
2020,BGR,Other civil engineering,0.2208024895091707
2020,BGR,Railways,0.021415822418175388
2020,BGR,Roads,0.22022687643608457
2020,CYP,Buildings,0.9339130434782611
2020,CYP,Electricity infrastructure,0.003478260869565218
2020,CYP,Other civil engineering,0.014448160535116864
2020,CYP,Railways,0.0
2020,CYP,Roads,0.04816053511705686
2020,CZE,Buildings,0.5716507948552566
2020,CZE,Electricity infrastructure,0.060578636081838486
2020,CZE,Other civil engineering,0.11334901879418201
2020,CZE,Railways,0.06028588612881442
2020,CZE,Roads,0.19413566413990851
2020,DEU,Buildings,0.7073668504234555
2020,DEU,Electricity infrastructure,0.027111999021939667
2020,DEU,Other civil engineering,0.1248791317491722
2020,DEU,Railways,0.015474996049468143
2020,DEU,Roads,0.1251670227559645
2020,DNK,Buildings,0.8196898759764732
2020,DNK,Electricity infrastructure,0.015962649486821686
2020,DNK,Other civil engineering,0.08791194460021658
2020,DNK,Railways,0.02973036148873103
2020,DNK,Roads,0.04670516844775745
2020,ESP,Buildings,0.7931641606501785
2020,ESP,Electricity infrastructure,0.042100353939429
2020,ESP,Other civil engineering,0.050473425620297725
2020,ESP,Railways,0.024257873617310657
2020,ESP,Roads,0.09000418617278409
2020,EST,Buildings,0.6608880778588809
2020,EST,Electricity infrastructure,0.052716950527169515
2020,EST,Other civil engineering,0.14091646390916446
2020,EST,Railways,0.010369102473612621
2020,EST,Roads,0.1351094052311725
2020,FIN,Buildings,0.77864303751531
2020,FIN,Electricity infrastructure,0.070282612311554
2020,FIN,Other civil engineering,0.0499145661016436
2020,FIN,Railways,0.029447744022073733
2020,FIN,Roads,0.07171204004941859
2020,FRA,Buildings,0.6665534056181528
2020,FRA,Electricity infrastructure,0.03576824362451536
2020,FRA,Other civil engineering,0.03591184245388132
2020,FRA,Railways,0.004250539377116602
2020,FRA,Roads,0.2575159689263341
2020,GRC,Buildings,0.4080677644828811
2020,GRC,Electricity infrastructure,0.11918019192038855
2020,GRC,Other civil engineering,0.12409667101054372
2020,GRC,Railways,0.019363163525082026
2020,GRC,Roads,0.3292922090611044
2020,HRV,Buildings,0.6030630321732671
2020,HRV,Electricity infrastructure,0.053545916909537694
2020,HRV,Other civil engineering,0.13509343391050907
2020,HRV,Railways,0.0022771316013389157
2020,HRV,Roads,0.2060204854053472
2020,HUN,Buildings,0.6059398202422821
2020,HUN,Electricity infrastructure,0.023967695714471795
2020,HUN,Other civil engineering,0.08135990621336454
2020,HUN,Railways,0.05377825491847243
2020,HUN,Roads,0.234954322911409
2020,IRL,Buildings,0.8618869031406483
2020,IRL,Electricity infrastructure,0.04448029499884767
2020,IRL,Other civil engineering,0.04184039053824712
2020,IRL,Railways,0.001816518810467466
2020,IRL,Roads,0.049975892511789445
2020,ITA,Buildings,0.7849698280612808
2020,ITA,Electricity infrastructure,0.040039815937396674
2020,ITA,Other civil engineering,0.057030475035820496
2020,ITA,Railways,0.034585419644961
2020,ITA,Roads,0.08337446132054104
2020,LTU,Buildings,0.6978514177948407
2020,LTU,Electricity infrastructure,0.05314204889876743
2020,LTU,Other civil engineering,0.09321748501380746
2020,LTU,Railways,0.00491813151527193
2020,LTU,Roads,0.15087091677731243
2020,LUX,Buildings,0.8371445524670226
2020,LUX,Electricity infrastructure,0.004295511814050231
2020,LUX,Other civil engineering,0.05117730912687577
2020,LUX,Railways,0.0027680846229976392
2020,LUX,Roads,0.10461454196905379
2020,LVA,Buildings,0.5986151440696895
2020,LVA,Electricity infrastructure,0.11078847442483805
2020,LVA,Other civil engineering,0.06019656019656025
2020,LVA,Railways,0.0054942414620062
2020,LVA,Roads,0.22490557984690598
2020,MLT,Buildings,0.862791932059448
2020,MLT,Electricity infrastructure,0.0015923566878980893
2020,MLT,Other civil engineering,0.029520686441464068
2020,MLT,Railways,0.0
2020,MLT,Roads,0.10609502481118978
2020,NLD,Buildings,0.7833925873255709
2020,NLD,Electricity infrastructure,0.04386209003403237
2020,NLD,Other civil engineering,0.06083980340774936
2020,NLD,Railways,0.010907733501131034
2020,NLD,Roads,0.10099778573151626
2020,POL,Buildings,0.6716574938425518
2020,POL,Electricity infrastructure,0.03840423267552529
2020,POL,Other civil engineering,0.07915589746708418
2020,POL,Railways,0.0345873500124098
2020,POL,Roads,0.17619502600242892
2020,PRT,Buildings,0.728014440433213
2020,PRT,Electricity infrastructure,0.03294223826714801
2020,PRT,Other civil engineering,0.12357400722021662
2020,PRT,Railways,0.009812023262531009
2020,PRT,Roads,0.10565729081689136
2020,ROU,Buildings,0.7395776380535812
2020,ROU,Electricity infrastructure,0.02369805904866047
2020,ROU,Other civil engineering,0.04811372334609072
2020,ROU,Railways,0.011178301182072291
2020,ROU,Roads,0.1774322783695953
2020,SVK,Buildings,0.5797459893048128
2020,SVK,Electricity infrastructure,0.033088235294117654
2020,SVK,Other civil engineering,0.07840909090909082
2020,SVK,Railways,0.02363687536780698
2020,SVK,Roads,0.2851198091241717
2020,SVN,Buildings,0.7278185984040452
2020,SVN,Electricity infrastructure,0.03776566326933712
2020,SVN,Other civil engineering,0.09757446472307815
2020,SVN,Railways,0.01393090336278035
2020,SVN,Roads,0.12291037024075921
2020,SWE,Buildings,0.8549720946456597
2020,SWE,Electricity infrastructure,0.014330562176617632
2020,SWE,Other civil engineering,0.02061653392244671
2020,SWE,Railways,0.033461802478643464
2020,SWE,Roads,0.07661900677663235
